CNTR_ID,NAME_ENGL,year,country_area_km2,n_valid_pixels,valid_ntl_area_km2,ntl_mean,ntl_median,ntl_std,ntl_p25,ntl_p75,ntl_p90,ntl_p95,ntl_iqr,ntl_cv,ntl_mean_area_weighted,ntl_sum_area_weighted,lit_area_km2,lit_area_share_valid,ntl_positive_mean,mean_n_observations,ntl_coverage_share,water_km2,qa0_km2,qa1_km2,qa2_km2,invalid_radiance_km2,water_share,qa0_share,qa1_share,qa2_share,invalid_radiance_share,valid_ntl_area_km2_qa01,ntl_mean_area_weighted_qa01,ntl_sum_area_weighted_qa01,ntl_coverage_share_qa01,gdp_meur
AL,Albania,2012,28806.03102880128,175875,28468.848978570608,0.4783691465854645,0.0,3.670705318450928,0.0,0.0,0.6741334199905396,1.4893335103988647,0.0,7.673373699188232,0.4779954545459084,13607.98040791068,4078.039388216633,0.1432456714806524,3.337028980255127,54.29536819458008,0.9882947411292606,331.6632162359176,28468.848978570608,4.692720027836324,0.0,0.0,0.0115136728105412,0.9882947411292606,0.0001629075530448,0.0,0.0,28473.54169859845,0.4780581873695947,13612.009732424543,0.9884576486823056,9578.6
AL,Albania,2013,28806.03102880128,175872,28468.358825903357,0.4732386469841003,0.0,3.716385364532471,0.0,0.0,0.6331959962844849,1.4591037034988403,0.0,7.853089332580566,0.4728247685485986,13460.545172816208,3664.136261641352,0.1287090795802164,3.6742639541625977,51.89059829711914,0.98827772550268,332.30558339056256,28468.35882590336,4.540505540438652,0.0,0.0,0.0115359725558273,0.9882777255026804,0.0001576234343391,0.0,0.0,28472.899331443798,0.4728465127836833,13463.311157714066,0.9884353489370192,9669.8
AL,Albania,2014,28806.03102880128,175869,28467.871955362985,0.4485975801944732,0.0,3.5420727729797363,0.0,0.0,0.6205650568008423,1.3553491830825806,0.0,7.895880222320557,0.4482774942836658,12761.50630773836,3649.471794751713,0.1281961574252549,3.4960076808929443,47.5582389831543,0.9882608238149786,334.0794547041833,28467.871955362974,3.2535047671968944,0.0,0.0,0.0115975524142898,0.9882608238149784,0.0001129452635784,0.0,0.0,28471.125460130177,0.4482934765927418,12763.419815029883,0.9883737690785568,10018.0
AL,Albania,2015,28806.03102880128,175879,28469.47554646057,0.4236766993999481,0.0,3.616562843322754,0.0,0.0,0.5459184050559998,1.1369426250457764,0.0,8.536138534545898,0.4235964155937802,12059.567795315474,3147.9147768931875,0.110571575923693,3.8297696113586426,53.25729751586914,0.9883164924038232,332.7863365440624,28469.47554646057,2.943031829728603,0.0,0.0,0.011552661878734,0.9883164924038232,0.0001021672102896,0.0,0.0,28472.4185782903,0.4235955124277574,12060.78873772848,0.9884186596141128,10371.5
AL,Albania,2016,28806.03102880128,175891,28471.41475744161,0.4062039852142334,0.0,3.8025927543640137,0.0,0.0,0.0,0.9924497604370116,0.0,9.361289024353027,0.4062853184917207,11567.51781263704,2764.324657880832,0.0970912292708713,4.182872295379639,51.29019165039063,0.9883838120209928,330.5221506605859,28471.41475744161,3.1039145726411346,0.1640921595263481,0.0,0.0114740607732498,0.9883838120209928,0.0001077522470741,5.696451529968952e-06,0.0,28474.51867201425,0.4063047252494571,11569.331485643286,0.988491564268067,10922.7
AL,Albania,2017,28806.03102880128,175892,28471.605212094608,0.4503445625305176,0.0,3.8770909309387207,0.0,0.0,0.5143875479698181,1.142717957496643,0.0,8.60916519165039,0.4504473644795404,12824.959530289963,2930.8745499177667,0.1029402637499604,4.37514591217041,51.67124557495117,0.9883904236452326,330.52180858349493,28471.605212094604,3.0778941562616824,0.0,0.0,0.0114740488980598,0.9883904236452324,0.0001068489495544,0.0,0.0,28474.683106250868,0.450466580633104,12826.893133484042,0.988497272594787,11760.0
AL,Albania,2018,28806.03102880128,175823,28460.29201905241,0.4903849065303802,0.0,4.037150859832764,0.0,0.0,0.5544045567512512,1.2621495723724363,0.0,8.232616424560547,0.4905197902935065,13960.336472877543,3181.281882266222,0.1117796641066279,4.388503551483154,52.70891571044922,0.9879976866857086,331.5065621489594,28460.29201905241,12.258642884160045,1.147690748828888,0.0,0.0115082345713474,0.9879976866857088,0.0004255582059154,3.98420298749726e-05,0.0,28472.55066193657,0.4904362518479653,13963.971027191476,0.988423244891624,13019.2
AL,Albania,2019,28806.03102880128,175822,28460.22279302829,0.5336270332336426,0.0,4.198060512542725,0.0,0.0,0.5667269229888916,1.393657088279724,0.0,7.867031097412109,0.5337732033146402,15191.304287283048,3222.4934381371486,0.1132279765190925,4.7156901359558105,56.305213928222656,0.987995283507567,330.6765246002328,28460.22279302829,13.977750862989904,0.3278463428521156,0.0,0.0114794198572379,0.9879952835075668,0.0004852369578097,1.1381170232175456e-05,0.0,28474.20054389128,0.5337336866528225,15197.640030782895,0.9884805204653768,13881.7
AL,Albania,2020,28806.03102880128,175824,28460.54456771973,0.5659393668174744,0.0,4.3638787269592285,0.0,0.0,0.5811156034469604,1.5240381956100464,0.0,7.710859298706055,0.5660023893660556,16108.736227988484,3262.3912239975607,0.114628559416175,4.9392290115356445,59.58816909790039,0.9880064539007088,332.3056575824464,28460.54456771973,12.026843189328432,0.3278463428521156,0.0,0.011535975131395,0.9880064539007088,0.0004175112905107,1.1381170232175456e-05,0.0,28472.571410909062,0.565974732746472,16114.7559948941,0.9884239651912196,13430.2
AL,Albania,2021,28806.03102880128,175838,28462.808013498605,0.6531866192817688,0.0,4.642854690551758,0.0,0.0,0.7433029413223267,1.9773967266082764,0.0,7.108006477355957,0.653148458356123,18590.43917450292,4162.570998946826,0.1462459711273993,4.467502117156982,55.70553588867188,0.9880850293134968,330.1893484357128,28462.80801349861,11.715783385763167,0.4917695142781734,0.0,0.0114625075598084,0.988085029313497,0.0004067128641932,1.707175534826318e-05,0.0,28474.52379688437,0.6531069621385812,18596.90973532589,0.98849174217769,15272.1
AL,Albania,2022,28806.03102880128,175833,28461.99326295717,0.7016400694847107,0.0,4.704742431640625,0.0,0.0,0.880243718624115,2.1794586181640625,0.0,6.705350399017334,0.7015210209471082,19966.686572019436,5410.907178414813,0.1901099170540884,3.691326141357422,54.48033142089844,0.9880567452871198,330.04231560620167,28461.993262957178,12.02187407100248,1.1474621999824046,0.0,0.0114574033221103,0.98805674528712,0.0004173387878039,3.9834095812614094e-05,0.0,28474.01513702817,0.701438544697434,19972.771739409756,0.9884740840749238,18075.0
AL,Albania,2023,28806.03102880128,175829,28461.378876778384,0.7748464941978455,0.0,4.811676025390625,0.0,0.0,1.0464106798171997,2.4763779640197754,0.0,6.20984411239624,0.7747264142191298,22049.7820009386,6548.700794857763,0.2300907775132722,3.369037389755249,51.263648986816406,0.9880354169000826,332.31810297715333,28461.378876778388,11.344011907392265,0.1639231714260578,0.0,0.0115364071726816,0.9880354169000828,0.0003938068349662,5.690585116087728e-06,0.0,28472.722888685785,0.7746813360845937,22057.287009373496,0.9884292237350492,21738.8
AL,Albania,2024,28806.03102880128,175843,28463.661392808503,0.7959275841712952,0.0,5.123438358306885,0.0,0.0,1.0188623666763306,2.692270040512085,0.0,6.437066078186035,0.7958058853441485,22651.549254840036,5189.078733025552,0.1823053844484181,4.36741828918457,53.28219604492188,0.9881146543357376,332.4717735260954,28463.661392808503,9.071748499762297,0.0,0.0,0.0115417418384948,0.9881146543357376,0.0003149253186144,0.0,0.0,28472.733141308265,0.7957695001824882,22657.732620688243,0.988429579654352,24995.3
AL,Albania,2025,28806.03102880128,175799,28456.528365999755,1.0584845542907717,0.0,5.680088996887207,0.0,0.6131443977355957,1.5048084259033203,3.4566352367401123,0.6131443977355957,5.366246700286865,1.058510623997213,30121.537597488797,9613.27135526481,0.3378230552800276,3.1346211433410645,53.72616958618164,0.9878670316486128,331.32404557775715,28456.52836599976,17.1885800854249,0.1639231714260578,0.0,0.0115018985172406,0.987867031648613,0.0005967007418772,5.690585116087728e-06,0.0,28473.716946085187,1.0582944168377717,30133.575670660997,0.9884637323904903,27075.3
AT,Austria,2012,83938.43005503461,576483,83695.99353169618,0.5457761883735657,0.0,3.0836760997772217,0.0,0.0,0.8561418056488037,2.2008092403411865,0.0,5.650074481964111,0.5432550464201198,45468.27085123965,15214.47984819797,0.1817826541773012,2.990159511566162,22.871686935424805,0.9971117338842356,199.67590137852807,83695.99353169615,43.360409922597405,0.0,0.0,0.0023788376938621,0.9971117338842352,0.0005165739923199,0.0,0.0,83739.35394161876,0.5437836081182577,45536.08802786529,0.9976283078765552,316589.4
AT,Austria,2013,83938.43005503461,576464,83692.97051224748,0.5350592136383057,0.0,3.0617451667785645,0.0,0.0,0.8228943347930908,2.176343441009521,0.0,5.722254753112793,0.5324769433860124,44564.57712125721,13737.9702458615,0.1641472415398508,3.2455995082855225,22.89195251464844,0.9970757191595532,199.52854938190575,83692.97051224747,43.88077280188584,2.650008566031456,0.0,0.0023770822167043,0.997075719159553,0.0005227733324666,3.15708616934337e-05,0.0,83736.85128504936,0.532367188969454,44578.75213177494,0.9975984924920196,321191.7
AT,Austria,2014,83938.43005503461,576443,83689.93283613636,0.5466039776802063,0.0,3.301061153411865,0.0,0.0,0.8323569297790527,2.242985725402832,0.0,6.039218902587891,0.544021920335118,45529.15797423195,14229.544852205752,0.1700269598742179,3.2022554874420166,23.154150009155277,0.997039529822808,199.2368142897461,83689.93283613632,49.71690285898018,0.1432897122573852,0.0,0.0023736066323746,0.9970395298228074,0.0005923020340788,1.7070811565505422e-06,0.0,83739.64973899533,0.5549234061012897,46469.09165889226,0.9976318318568866,330113.5
AT,Austria,2015,83938.43005503461,576504,83698.83092220231,0.5487119555473328,0.0,3.16807222366333,0.0,0.0,0.8175408840179443,2.26867151260376,0.0,5.77365255355835,0.5460501451456945,45703.75877359352,13624.481564346564,0.1627798311425694,3.356940984725952,27.664794921875,0.9971455371195864,197.78441642093705,83698.83092220234,41.67831573057795,0.736188643488884,0.0,0.0023563034987818,0.9971455371195866,0.0004965343729118,8.77057913766315e-06,0.0,83740.50923793289,0.5463994948743663,45755.771948128735,0.997642071492498,342083.5
AT,Austria,2016,83938.43005503461,576558,83706.85954717742,0.5712966918945312,0.0,3.2592718601226807,0.0,0.0,0.8881058692932129,2.364314317703247,0.0,5.705042362213135,0.5685743206227515,47593.57079850048,14405.264856951531,0.1720918086627379,3.3063881397247314,27.434059143066406,0.9972411860966978,196.92176690213228,83706.85954717742,33.18750509383274,2.061023823901653,0.0,0.002346026328739,0.9972411860966978,0.0003953791495989,2.4553995381499677e-05,0.0,83740.04705227129,0.5689916641695165,47647.388729905455,0.9976365652462972,355665.6
AT,Austria,2017,83938.43005503461,576391,83682.38425329767,0.58762127161026,0.0,3.429121255874634,0.0,0.0,0.9084105491638184,2.4435877799987797,0.0,5.835597515106201,0.5848226237409402,48939.35151991109,14115.81533165824,0.1686832355174198,3.469714641571045,27.52665328979492,0.9969495998249066,198.94590611045672,83682.38425329766,56.67433034053397,1.025353248659134,0.0,0.0023701408994666,0.9969495998249064,0.0006751893060589,1.2215539985521012e-05,0.0,83739.05858363817,0.5853282728126384,49014.83852771727,0.9976247891309652,367294.9
AT,Austria,2018,83938.43005503461,576638,83718.6663406934,0.6007154583930969,0.0,3.3971915245056152,0.0,0.0,0.9276209473609924,2.4772517681121826,0.0,5.655242443084717,0.5977590547985998,50043.59086081223,14711.993079089669,0.1757313359390982,3.40354061126709,28.04076766967773,0.9973818462628248,197.6417586678856,83718.66634069334,22.72174363602519,0.0,0.0,0.0023546039464676,0.997381846262824,0.0002706953611251,0.0,0.0,83741.38808432939,0.5977881177679757,50059.60676220885,0.9976525416239496,383234.3
AT,Austria,2019,83938.43005503461,576571,83708.72512580121,0.5925831198692322,0.0,3.6079580783844,0.0,0.0,0.8860938549041748,2.4389023780822754,0.0,6.088526725769043,0.5897801098283901,49369.74109828956,13763.115399049451,0.1644167364676218,3.590439796447754,26.74606704711914,0.9972634116568204,199.37970810387708,83708.72512580121,30.925009092221977,0.0,0.0,0.0023753089970011,0.9972634116568204,0.0003684249165959,0.0,0.0,83739.65013489344,0.5897297123886613,49383.75978957783,0.9976318365734164,395706.8
AT,Austria,2020,83938.43005503461,576461,83692.66320753527,0.5966655015945435,0.0,3.527080774307251,0.0,0.0,0.9000387787818909,2.4851772785186768,0.0,5.911320209503174,0.5938259364807693,49698.874105784256,13660.045461429863,0.1632167616360424,3.641463279724121,30.564302444458008,0.9970720580866452,198.08458272935127,83692.66320753528,46.80963034882593,1.4724223838391306,0.0,0.0023598795283575,0.9970720580866452,0.000557666259878,1.7541695536522786e-05,0.0,83739.47283788412,0.593706816476734,49716.69583202012,0.9976297243465236,380317.9
AT,Austria,2021,83938.43005503461,576373,83679.69507930342,0.6366634368896484,0.0,3.645059823989868,0.0,0.0,0.9715349078178406,2.645519256591797,0.0,5.725254058837891,0.6337032552739839,53028.09517208895,15231.857966536145,0.1820257345835316,3.4843287467956543,27.95736312866211,0.9969175623661112,198.80056110685848,83679.69507930345,59.65083257654165,0.8833700104560851,0.0,0.0023684093326086,0.9969175623661114,0.0007106498481974,1.0524023500045208e-05,0.0,83739.34591187998,0.6334697208006291,53046.34007482592,0.9976282122143088,406231.5
AT,Austria,2022,83938.43005503461,576554,83706.23462530476,0.6748161911964417,0.0,3.5718650817871094,0.0,0.0,1.1112442016601562,2.75136399269104,0.0,5.293093204498291,0.6716718785194756,56223.12385457042,18623.162249855453,0.2224823793976463,3.0221683979034424,26.039419174194336,0.9972337410935896,197.3522584715028,83706.23462530476,35.4429592210319,0.0,0.0,0.0023511549875558,0.9972337410935896,0.000422249489272,0.0,0.0,83741.6775845258,0.6715964810863139,56240.61598603217,0.9976559905828616,449382.2
AT,Austria,2023,83938.43005503461,576478,83695.19236334431,0.6715612411499023,0.0,3.359787940979004,0.0,0.5166760683059692,1.140323042869568,2.643606185913086,0.5166760683059692,5.002951145172119,0.6683881258704236,55940.87276810029,21937.523678514484,0.2621121125246661,2.552196979522705,24.66957092285156,0.9971021891697186,200.8382434759934,83695.19236334431,41.37951969888329,1.6197164781188966,0.0,0.002392685249704,0.9971021891697186,0.0004929746681198,1.929648287508978e-05,0.0,83736.57188304319,0.6683099594649842,55961.98496089333,0.9975951638378384,477837.3
AT,Austria,2024,83938.43005503461,576346,83675.85988341244,0.6746681332588196,0.0,3.4916441440582275,0.0,0.0,1.138113498687744,2.6916399002075195,0.0,5.175350666046143,0.6714529131658293,56184.39988037304,20177.62055230127,0.2411402832359921,2.7861416339874268,27.80709457397461,0.9968718717820906,198.51559794762017,83675.85988341243,63.77086762467383,0.8834940125842093,0.0,0.0023650144256625,0.9968718717820904,0.0007597338618659,1.0525500798679968e-05,0.0,83739.63075103711,0.6712511554460312,56210.32389825767,0.9976316056439564,494087.6
AT,Austria,2025,83938.43005503461,576556,83706.61931868379,0.663465142250061,0.0,3.5985116958618164,0.0,0.0,1.0887959003448486,2.7066802978515625,0.0,5.423814296722412,0.6604594307570126,55284.82614581186,18109.755529232432,0.216347950456413,3.05570125579834,30.13983726501465,0.9972383241359312,196.33517045523504,83706.61931868376,35.92885055304767,0.1465033052358627,0.0,0.0023390379153685,0.9972383241359308,0.00042803815284,1.745366277875428e-06,0.0,83742.54816923683,0.66043568528232,55306.56718743762,0.9976663622887711,514328.1
BA,Bosnia and Herzegovina,2012,51232.67273473021,331737,51179.45111943518,0.3946336507797241,0.0,2.813443183898926,0.0,0.0,0.6187949180603027,1.356048345565796,0.0,7.129252910614014,0.3939356849363155,20161.41213139938,6660.820395820437,0.1301463819976572,3.0239202976226807,38.317012786865234,0.9989611782393124,49.31300447753358,51179.45111943518,3.865438234379053,0.0,0.0,0.000962530390184,0.9989611782393124,7.544869373482256e-05,0.0,0.0,51183.31655766957,0.393967423969161,20164.559374423185,0.9990366269330472,13407.5
BA,Bosnia and Herzegovina,2013,51232.67273473021,331740,51179.9331010172,0.3812709450721741,0.0,2.65146541595459,0.0,0.0,0.6013079881668091,1.337823510169983,0.0,6.954281330108643,0.380580689422938,19478.094224204968,6298.569616233227,0.1230671717331346,3.088940143585205,44.12239837646485,0.998970585938663,48.842798153858666,51179.9331010172,3.8536629760446552,0.0,0.0,0.0009533525296787,0.998970585938663,7.521885488969012e-05,0.0,0.0,51183.786763993245,0.3806070362995533,19480.90938683177,0.9990458047935526,13691.8
BA,Bosnia and Herzegovina,2014,51232.67273473021,331743,51180.381228945975,0.3703023791313171,0.0,2.5840275287628174,0.0,0.0,0.590063214302063,1.298716425895691,0.0,6.978155136108398,0.3696900302252363,18920.876683468152,6239.016420973624,0.1219024999650654,3.029923915863037,27.973217010498047,0.99897933285552,48.99865827011013,51180.381228945975,3.249674931013108,0.0,0.0,0.0009563947312257,0.99897933285552,6.342973648552557e-05,0.0,0.0,51183.63090387698,0.3697096389942746,18923.08170388856,0.9990427625920056,13988.3
BA,Bosnia and Herzegovina,2015,51232.67273473021,331735,51179.18136816672,0.4064412415027618,0.0,2.686896324157715,0.0,0.0,0.652810275554657,1.4749958515167236,0.0,6.610786437988281,0.4057564864510555,20766.28481138865,7001.256335730794,0.1367989121468354,2.962923765182495,36.97329330444336,0.998955913019794,48.52557870221781,51179.18136816672,4.922615278175115,0.0,0.0,0.0009471607884576,0.998955913019794,9.608351498004348e-05,0.0,0.0,51184.10398344488,0.4057901577766736,20770.005631099768,0.9990519965347736,14791.1
BA,Bosnia and Herzegovina,2016,51232.67273473021,331736,51179.30456208387,0.4009792506694793,0.0,2.6014647483825684,0.0,0.0,0.6324800848960876,1.5026226043701172,0.0,6.487779140472412,0.4003736176834083,20490.84331804248,6557.851204551354,0.1281348244307667,3.1214916706085205,41.89148712158203,0.9989583176165204,49.15584598316956,51179.30456208387,4.169154080063343,0.0,0.0,0.0009594628458617,0.9989583176165204,8.137686084913364e-05,0.0,0.0,51183.47371616392,0.4004044089815531,20494.08854294347,0.9990396944773694,15474.3
BA,Bosnia and Herzegovina,2017,51232.67273473021,331721,51177.017503243485,0.4277505576610565,0.0,2.699536085128784,0.0,0.0,0.6837551593780518,1.6474014520645142,0.0,6.311005592346191,0.4271437657996054,21859.94397872774,6989.526285502622,0.1365754908452733,3.1240391731262207,40.225616455078125,0.9989136769854876,48.83890590048289,51177.017503243485,6.773153003127575,0.0,0.0,0.0009532765575857,0.9989136769854876,0.0001322037801579,0.0,0.0,51183.79065624661,0.4271887023894491,21865.137113815203,0.9990458807656454,16260.5
BA,Bosnia and Herzegovina,2018,51232.67273473021,331729,51178.21675857342,0.4327201545238495,0.0,2.616729259490967,0.0,0.0,0.7156398296356201,1.6979689598083496,0.0,6.047163009643555,0.4321164445950872,22114.949066431454,7396.915577871228,0.1445324993007321,2.986494302749634,40.98149490356445,0.9989370850035728,49.15380825178289,51178.21675857342,5.258995321886062,0.0,0.0,0.000959423071802,0.9989370850035728,0.0001026492478562,0.0,0.0,51183.475753895305,0.4321464602024522,22118.75786790389,0.9990397342514292,17354.2
BA,Bosnia and Herzegovina,2019,51232.67273473021,331725,51177.63907377397,0.4454979598522186,0.0,2.6819193363189697,0.0,0.0,0.7213035225868225,1.7850351333618164,0.0,6.02004861831665,0.444867597388232,22767.27333475193,7269.55628367639,0.1420455576936076,3.1284730434417725,40.14521026611328,0.9989258092928084,48.846342669721125,51177.63907377397,6.144145703409672,0.0,0.0,0.0009534217143547,0.9989258092928084,0.0001199263160683,0.0,0.0,51183.78321947736,0.4449059870539508,22771.971594417017,0.9990457356088762,18296.5
BA,Bosnia and Herzegovina,2020,51232.67273473021,331717,51176.40816015085,0.4558649063110351,0.0,2.73115348815918,0.0,0.0,0.7329722046852112,1.8613767623901367,0.0,5.991146564483643,0.4552532594277144,23298.226620711757,7184.444003636105,0.1403858586783423,3.2391154766082764,44.40737533569336,0.9989017833430108,48.68598405042458,51176.40816015085,7.535417945817471,0.0,0.0,0.0009502917074521,0.9989017833430108,0.0001470822727682,0.0,0.0,51183.943578096674,0.4552946759087463,23303.77700312108,0.9990488656157792,17755.9
BA,Bosnia and Herzegovina,2021,51232.67273473021,331717,51176.409226633055,0.5204576849937439,0.0,2.8762335777282715,0.0,0.0,0.9213470816612244,2.165236473083496,0.0,5.5263543128967285,0.5196395517313384,26593.28634974713,9193.827431942524,0.1796497169472747,2.888821840286255,38.51741790771485,0.9989018041594576,48.533600849977965,51176.409226633055,7.686734664067269,0.0,0.0,0.0009473173711094,0.9989018041594576,0.0001500357926643,0.0,0.0,51184.09596129713,0.5196814407383401,26599.424732056348,0.999051839952122,20014.7
BA,Bosnia and Herzegovina,2022,51232.67273473021,331730,51178.39357289301,0.5899897813796997,0.0,3.0315515995025635,0.0,0.0,1.0881857872009275,2.361755609512329,0.0,5.138311862945557,0.5890302259169691,30145.620728308724,12004.404375101074,0.2345600073984989,2.507138729095459,38.5482063293457,0.9989405362059044,48.37428966362548,51178.39357289301,5.861699590478897,0.0,0.0,0.0009442078088351,0.9989405362059044,0.0001144133084922,0.0,0.0,51184.25527248348,0.5890559881950699,30150.39206956147,0.9990549495143964,23324.1
BA,Bosnia and Herzegovina,2023,51232.67273473021,331702,51174.04768602928,0.6251270771026611,0.0,3.060513496398926,0.0,0.5246370434761047,1.1974635124206543,2.455461978912353,0.5246370434761047,4.89582633972168,0.6241931357030559,31942.48929176033,13583.7894211628,0.2654429351475988,2.3485512733459477,39.20337677001953,0.9988557097342068,49.15954841861725,51174.04768602928,9.422327699182508,0.0,0.0,0.0009595351129376,0.9988557097342068,0.0001839124760866,0.0,0.0,51183.47001372846,0.6242270470584307,31950.10634487345,0.9990396222102932,25523.8
BA,Bosnia and Herzegovina,2024,51232.67273473021,331726,51177.79730463304,0.6178039908409119,0.0,3.046431541442871,0.0,0.0,1.2055753469467163,2.552087783813477,0.0,4.931065082550049,0.6167935558470663,31566.13557994502,12269.805942404731,0.2397486134342473,2.567837715148926,36.10155487060547,0.9989288977683968,48.53299170009399,51177.79730463304,6.299265813961506,0.0,0.0,0.0009473054812382,0.9989288977683968,0.0001229540735963,0.0,0.0,51184.096570447015,0.6168146556230063,31571.10089947497,0.9990518518419932,27483.1
BA,Bosnia and Herzegovina,2025,51232.67273473021,331717,51176.397105882,0.7242291569709778,0.0,3.3299248218536377,0.0,0.5902371406555176,1.3997290134429932,2.821565866470337,0.5902371406555176,4.597888469696045,0.7232867844626382,37015.21170309645,15643.00375232545,0.3056683283108163,2.3631396293640137,38.39014053344727,0.998901567577011,48.68504460952926,51176.397105882,7.547411655586958,0.0,0.0,0.0009502733706985,0.998901567577011,0.000147316375522,0.0,0.0,51183.944517537566,0.7233043920503068,37021.57187199414,0.9990488839525328,28913.9
BE,Belgium,2012,30674.885636950738,207240,28316.23395120998,4.907456398010254,1.8106138706207275,12.158129692077637,0.5967692732810974,4.909561634063721,11.836877822875977,19.34434509277344,4.3127923011779785,2.477480888366699,4.883356238442884,138278.25771484946,22434.3960307532,0.7922803600721965,6.177806854248047,28.742694854736328,0.9231080528333072,6.191823921417713,28316.23395120998,2352.50223692828,0.0,0.0,0.0002018532031284,0.9231080528333072,0.0766914753903588,0.0,0.0,30668.73618813825,4.5700107770419525,140156.45489804834,0.9997995282236658,387934.9
BE,Belgium,2013,30674.885636950738,209274,28594.313928678657,4.899174213409424,1.7567899227142334,14.78921890258789,0.545616626739502,4.928895950317383,11.839205741882324,19.32583236694336,4.383279323577881,3.01871657371521,4.8744794441554165,139382.39546507102,21965.12695889752,0.7681641536734896,6.359800815582275,25.83774948120117,0.9321734485697368,6.1919328623766905,28594.31392867866,2074.4221505186315,0.0,0.0,0.0002018567545992,0.9321734485697368,0.0676260761024581,0.0,0.0,30668.736079197293,4.596012834005324,140953.9046227129,0.9997995246721952,394616.3
BE,Belgium,2014,30674.885636950738,208949,28548.835062922,4.85076904296875,1.783928155899048,17.607013702392578,0.6232012510299683,4.71694803237915,11.356107711791992,18.535511016845703,4.093746662139893,3.6297366619110103,4.826306763649424,137785.43575849227,23071.61437575189,0.8081455626788889,5.9877777099609375,33.41965103149414,0.9306908394315996,5.922682068922519,28548.835062921997,2120.035188263865,0.1350788048858642,0.0,0.0001930791898955,0.9306908394315994,0.0691130592418602,4.403563438983106e-06,0.0,30668.870251185857,4.5478490251108425,139477.39167310653,0.9998038986734596,404958.3
BE,Belgium,2015,30674.885636950738,212545,29039.74604600909,4.6150078773498535,1.5484527349472046,15.199678421020508,0.5356633067131042,4.490280628204346,10.976667404174805,18.049171447753903,3.9546172618865967,3.293532609939575,4.591370513876662,133332.23372611252,22260.941067230717,0.7665680351323187,6.003628730773926,25.057817459106445,0.9466945171273282,6.191836012662411,29039.74604600909,1628.9901300379083,0.0,0.0,0.0002018535973025,0.9466945171273282,0.0531050107021634,0.0,0.0,30668.736176047005,4.388239314869932,134581.75382510322,0.9997995278294918,415538.0
BE,Belgium,2016,30674.885636950738,209823,28667.25555894971,4.801840305328369,1.5739541053771973,14.687798500061035,0.5593776702880859,4.592195510864258,11.482197761535645,19.06633949279785,4.032817840576172,3.0587852001190186,4.777262402381337,136951.0021612278,22238.35929025288,0.775740783575295,6.173441410064697,35.893394470214844,0.9345513426924515,6.057386135251045,28667.25555894971,2001.6150669747108,0.0,0.0,0.0001974705368731,0.9345513426924515,0.0652525681974696,0.0,0.0,30668.870625924414,4.519982986490798,138622.77344406574,0.999803910889921,428467.1
BE,Belgium,2017,30674.885636950738,201028,27467.36064770556,4.977617740631104,1.9166488647460935,15.95995044708252,0.6475579142570496,4.925942420959473,11.565170288085938,18.739826202392575,4.278384685516357,3.206343173980713,4.951879379454697,136015.05679941855,22440.81175549967,0.8169992029202933,6.0783772468566895,24.65032196044922,0.895434818332903,6.191799705663204,27467.36064770556,3201.3755646484483,0.0,0.0,0.0002018524136958,0.895434818332903,0.1043647106801955,0.0,0.0,30668.736212354004,4.511303083392118,138355.96423853212,0.9997995290130984,443407.2
BE,Belgium,2018,30674.885636950738,207404,28336.30767927304,4.934998035430908,1.7175076007843018,14.751855850219728,0.5950191617012024,4.751613616943359,11.726134300231934,19.545473098754883,4.156594276428223,2.989232301712036,4.909944655917983,139129.70245829437,22415.83979887757,0.7910642435349446,6.2226104736328125,27.88246154785156,0.9237624555359168,5.92266996067524,28336.307679273043,2332.697662825955,0.0,0.0,0.0001930787951672,0.923762455535917,0.0760458470957102,0.0,0.0,30669.005342099,4.592279433499128,140840.64247839613,0.9998083026316272,459491.8
BE,Belgium,2019,30674.885636950738,204951,28002.988833219908,5.0441975593566895,1.8646934032440183,13.85923957824707,0.6139613389968872,4.854610443115234,11.87442684173584,19.73896026611328,4.240649223327637,2.747560739517212,5.01744682706728,140503.5074696397,22347.8035992726,0.798050655677205,6.304931640625,29.68895530700684,0.9128962749738084,5.788111142304897,28002.988833219908,2666.151067697456,0.0,0.0,0.0001886921832671,0.9128962749738084,0.0869164142697187,0.0,0.0,30669.13990091737,4.647005921473317,142519.67472605658,0.9998126892435272,479444.9
BE,Belgium,2020,30674.885636950738,205673,28102.55583022777,4.848803520202637,1.749526023864746,13.495612144470217,0.5670257210731506,4.7098588943481445,11.535470008850098,19.13378143310547,4.142833232879639,2.783287048339844,4.82273792573695,135531.26181257953,21786.1896796462,0.7752387295753526,6.237017631530762,30.06752014160156,0.9161421549482696,5.7881474493041045,28102.55583022777,2566.584034382587,0.0,0.0,0.0001886933668737,0.9161421549482696,0.0836705331116507,0.0,0.0,30669.139864610366,4.479444044547336,137380.69591791817,0.9998126880599206,463750.9
BE,Belgium,2021,30674.885636950738,209659,28644.370513935373,4.7636003494262695,1.6869418621063232,11.81419563293457,0.5900087356567383,4.604833602905273,11.427427291870115,19.17803955078125,4.014824867248535,2.480098009109497,4.738752715350396,135738.58855241406,22612.03004012066,0.7894057238618665,6.019030570983887,29.81174659729004,0.933805291173786,5.788111142304897,28644.370513935377,2024.769386981989,0.0,0.0,0.0001886921832671,0.9338052911737862,0.066007398069741,0.0,0.0,30669.13990091737,4.474955321991659,137243.0308205169,0.9998126892435272,506047.2
BE,Belgium,2022,30674.885636950738,208750,28520.861078332822,4.55029296875,1.6746492385864258,10.746328353881836,0.6338642239570618,4.288336277008057,10.76931095123291,18.22098159790039,3.65447211265564,2.3616783618927,4.525865619368405,129081.584589209,23117.510877185665,0.8105474380206543,5.600571632385254,33.588321685791016,0.9297788886937792,6.057240887292863,28520.861078332822,2148.00969283955,0.0,0.0,0.0001974658017957,0.9297788886937792,0.0700250269312193,0.0,0.0,30668.870771172376,4.265276279235718,130811.20701122718,0.9998039156249986,561678.2
BE,Belgium,2023,30674.885636950738,206638,28236.85848636401,3.6097474098205566,0.913432478904724,10.589649200439451,0.0,3.102012634277344,8.260597229003906,14.789774894714355,3.102012634277344,2.933626174926758,3.5858646086255823,101253.55150502163,20650.30091909621,0.7313243053956779,4.917791843414307,23.06755828857422,0.9205204159701936,6.326552207199574,28236.85848636401,2431.7429734884563,0.0,0.0,0.0002062453396591,0.9205204159701936,0.0792747201169414,0.0,0.0,30668.601459852463,3.363731074211513,103160.9277331143,0.9997951360871348,601866.5
BE,Belgium,2024,30674.885636950738,198677,27150.760580976577,3.877982616424561,0.9550371170043944,11.670289039611816,0.5057370066642761,3.518881320953369,8.940192222595215,15.625528335571287,3.013144254684448,3.009371042251587,3.852410587582572,104595.87752307372,20417.564857449397,0.7520071047937841,5.139967918395996,22.1831169128418,0.8851136692836101,6.326503788994312,27150.760580976577,3517.840927294098,0.0,0.0,0.0002062437612277,0.8851136692836101,0.1146814683819565,0.0,0.0,30668.601508270665,3.4912300778027547,107071.14402982147,0.9997951376655664,619914.3
BE,Belgium,2025,30674.885636950738,206184,28173.241927197883,4.027708530426025,0.9772177934646606,12.52578067779541,0.0,3.584465265274048,9.456562042236328,16.528291702270508,3.584465265274048,3.1099023818969727,4.002222997251904,112755.59674817292,20323.13851691691,0.7213631490984842,5.563663482666016,27.24717330932617,0.9184465187788868,6.057180360840321,28173.241927197887,2495.6289045009416,0.0,0.0,0.0001974638286358,0.918446518778887,0.0813573988192714,0.0,0.0,30668.870831698827,3.738731896298874,114662.68560194256,0.9998039175981585,642015.3
BG,Bulgaria,2012,110992.249016193,702333,110873.91130033488,0.3729830980300903,0.0,2.7165589332580566,0.0,0.0,0.5703719258308411,1.2062643766403198,0.0,7.283329963684082,0.3730542768630003,41361.98680311887,13123.449405917065,0.1183637273367971,3.150393486022949,47.0081787109375,0.9989338200017835,104.03810320899537,110873.91130033488,10.862080057051184,0.0,0.0,0.0009373456627031,0.9989338200017835,9.786341076363344e-05,0.0,0.0,110884.77338039188,0.3730940584337749,41370.45011899983,0.9990316834125468,42254.6
BG,Bulgaria,2013,110992.249016193,702357,110877.6828831801,0.362197071313858,0.0,2.695121049880981,0.0,0.0,0.5256540775299072,1.1584076881408691,0.0,7.44103479385376,0.3622621971707529,40166.793018462806,11725.4200285878,0.105750947563917,3.423475742340088,47.0936164855957,0.9989678005984346,102.93219233155418,110877.6828831801,8.196408089268925,0.0,0.0,0.0009273818058821,0.9989678005984346,7.384667093350928e-05,0.0,0.0,110885.87929126938,0.3623081723779635,40174.86026854328,0.9990416472693684,42055.5
BG,Bulgaria,2014,110992.249016193,702297,110868.26409334222,0.3561339080333709,0.0,2.570311546325684,0.0,0.0,0.5566042065620422,1.1655738353729248,0.0,7.21726131439209,0.3562372840068963,39495.409283171546,12646.604292268776,0.1140687499320936,3.1213247776031494,40.088157653808594,0.9988829407102772,105.2755105874386,110868.26409334222,15.27187967129898,0.0,0.0,0.0009484942554148,0.9988829407102772,0.0001375941095586,0.0,0.0,110883.53597301352,0.3563180086891829,39509.80073431955,0.9990205348198355,43024.0
BG,Bulgaria,2015,110992.249016193,702326,110872.81485654804,0.3677798509597778,0.0,2.702020168304444,0.0,0.0,0.5480946898460388,1.201521873474121,0.0,7.346841335296631,0.3679043676461256,40790.59283894427,12256.301735157193,0.1105437951675973,3.3262252807617188,44.96176910400391,0.9989239414400232,103.39251457286812,110872.81485654804,12.604112479968313,0.0,0.0,0.0009315291427042,0.9989239414400232,0.0001135584925225,0.0,0.0,110885.41896902803,0.3679749625015458,40803.05788709629,0.999037499932546,45797.1
BG,Bulgaria,2016,110992.249016193,702334,110874.04964968444,0.376199334859848,0.0,2.7250657081604004,0.0,0.0,0.5657976269721985,1.243366241455078,0.0,7.2436747550964355,0.3763278063868904,41724.98788989692,12622.29063056626,0.1138435068480624,3.303297996520996,45.017913818359375,0.99893506647936,103.25482743905854,110874.04964968444,11.507006477433444,0.0,0.0,0.000930288631452,0.99893506647936,0.0001036739644383,0.0,0.0,110885.55665616182,0.3763627521687513,41733.19327887707,0.9990387404437978,48751.4
BG,Bulgaria,2017,110992.249016193,702371,110879.90809231228,0.3818922340869903,0.0,2.818676710128784,0.0,0.0,0.5406175851821899,1.2455172538757324,0.0,7.38081693649292,0.3820626847942536,42363.07537548892,11990.431241095868,0.1081388995300512,3.530644178390503,43.68232727050781,0.9989878489275018,101.8188758588946,110879.90809231228,7.084515429771424,0.0,0.0,0.0009173512273279,0.9989878489275018,6.382892042072092e-05,0.0,0.0,110886.99260774204,0.3821161910039469,42371.71524715321,0.9990516778479224,52501.0
BG,Bulgaria,2018,110992.249016193,702335,110874.24657856404,0.381544828414917,0.0,2.816028356552124,0.0,0.0,0.5308762788772583,1.2470369338989258,0.0,7.380596160888672,0.3817645755056131,42327.859679570174,11745.61873560978,0.1059364018071319,3.6023101806640625,45.7598762512207,0.9989368407373046,104.01584152791212,110874.24657856404,10.549063508955005,0.0,0.0,0.0009371450930121,0.9989368407373046,9.504324493340044e-05,0.0,0.0,110884.79564207303,0.381795136297846,42335.27566552408,0.9990318839822384,55999.7
BG,Bulgaria,2019,110992.249016193,702334,110874.07807921155,0.4001882970333099,0.0,2.95278549194336,0.0,0.0,0.5569409132003784,1.3101786375045776,0.0,7.378490447998047,0.4004205491007824,44396.25922552092,12349.040457623612,0.1113789685701026,3.5933194160461426,49.58261489868164,0.9989353226191118,103.08873698034238,110874.07807921155,11.64466740906787,0.0,0.0,0.0009287922165204,0.9989353226191118,0.0001049142396183,0.0,0.0,110885.72274662058,0.4004552081782431,44404.76518649289,0.9990402368587298,61194.4
BG,Bulgaria,2020,110992.249016193,702345,110875.80565150193,0.4057109951972961,0.0,3.202450752258301,0.0,0.0,0.5203245878219604,1.3034173250198364,0.0,7.893428325653076,0.406000391215304,45015.6204708218,11480.663102039967,0.1035452507837939,3.9187653064727774,52.29376983642578,0.9989508874203088,102.61049555410624,110875.80565150193,10.395336544898989,0.0,0.0,0.0009244834343264,0.9989508874203088,9.365822061486816e-05,0.0,0.0,110886.2009880468,0.4060278593677839,45022.8868206025,0.9990445456409238,61855.6
BG,Bulgaria,2021,110992.249016193,702327,110872.96519973518,0.4391497075557709,0.0,3.060154676437378,0.0,0.0,0.6222066879272461,1.5182136297225952,0.0,6.968363285064697,0.4394272940057022,48720.60707610802,13802.854760943152,0.1244925193087207,3.527617931365967,48.74023818969727,0.998925295977736,103.25307767498587,110872.96519973518,12.593206190738677,0.0,0.0,0.0009302728667109,0.998925295977736,0.0001134602308031,0.0,0.0,110885.55840592593,0.4394607175783744,48729.84706614696,0.9990387562085392,71343.9
BG,Bulgaria,2022,110992.249016193,702360,110878.12139527511,0.4685282111167907,0.0,3.024272918701172,0.0,0.0,0.7186565399169922,1.6236432790756226,0.0,6.454836368560791,0.4688817943952224,51988.73251898789,17623.39594989725,0.1589438540996803,2.949022054672241,46.46117782592773,0.9989717514337308,102.30498089089704,110878.12139527511,8.385107434898616,0.0,0.0,0.0009217308577644,0.9989717514337308,7.554678375492046e-05,0.0,0.0,110886.50650271004,0.4689070888416279,51995.468956004006,0.999047298217486,86078.2
BG,Bulgaria,2023,110992.249016193,702345,110875.79766778,0.5113603472709656,0.0,3.006488800048828,0.0,0.0,0.8133476376533508,1.793042540550232,0.0,5.879393577575684,0.5116336295994905,56727.786795505,21313.688060731405,0.1922303019148882,2.6606359481811523,46.61503219604492,0.9989508154898634,102.93396753345108,110875.79766778,10.079848287505389,0.0,0.0,0.0009273977998088,0.9989508154898634,9.081578557827773e-05,0.0,0.0,110885.87751606746,0.5116594827434943,56735.810733429535,0.9990416312754412,94525.1
BG,Bulgaria,2024,110992.249016193,702330,110873.42472038364,0.5140819549560547,0.0,3.2317373752593994,0.0,0.0,0.7491028904914856,1.8929213285446167,0.0,6.28642463684082,0.5142497071237216,57016.62619026128,16561.614563480223,0.1493740687206844,3.440193891525269,41.80970001220703,0.9989294360924966,104.20468744926072,110873.42472038364,11.182075768096688,0.0,0.0,0.0009388465264277,0.9989294360924966,0.0001007464563265,0.0,0.0,110884.60679615164,0.5142722689301824,57024.87832648803,0.9990301825488224,104767.2
BG,Bulgaria,2025,110992.249016193,702313,110870.68671377008,0.6403107643127441,0.0,3.4867939949035645,0.0,0.0,1.0006003379821775,2.255326271057129,0.0,5.445471286773682,0.6406681540503003,71031.31819520023,27566.475255459627,0.2486362813520473,2.5768630504608154,48.26693344116211,0.998904767643683,101.20325916884184,110870.68671377008,16.92151066204715,0.0,0.0,0.0009118047437175,0.998904767643683,0.0001524566878501,0.0,0.0,110887.60822443209,0.6406947470221305,71045.10809924162,0.9990572243315328,116018.3
CH,Switzerland,2012,41286.33871349311,271974,40068.19522013496,1.1857585906982422,0.0,4.453194618225098,0.0,0.6303724050521851,2.5257582664489746,5.817712783813477,0.6303724050521851,3.755565881729126,1.1821450792439732,47366.41981366943,12829.05880198788,0.3201806003865394,3.6917803287506095,24.054424285888672,0.9704952405246812,885.5552634295109,40068.19522013496,307.53003451556657,27.09173924916792,0.0,0.0214491110382741,0.9704952405246812,0.0074487117070291,0.0006561913720945,0.0,40375.72525465052,1.17513045354478,47446.74433069689,0.9779439522317104,542930.1
CH,Switzerland,2013,41286.33871349311,272156,40094.95186585919,1.1418503522872925,0.0,4.434577941894531,0.0,0.555871844291687,2.450718879699707,5.835987567901611,0.555871844291687,3.8836770057678223,1.1384139392403656,45644.65209726561,10945.772584766595,0.2729962769723864,4.169503211975098,19.850757598876957,0.9711433155673708,888.5056744571383,40094.95186585919,248.9794106973674,55.93530631549239,0.0,0.0215205732003249,0.9711433155673708,0.0060305519563059,0.0013548139180772,0.0,40343.93127655657,1.1325390278234309,45691.076706526685,0.9771738675236769,541150.6
CH,Switzerland,2014,41286.33871349311,271822,40045.334207928296,1.152080535888672,0.0,4.384675979614258,0.0,0.6131528615951538,2.4836902618408203,5.709774971008301,0.6131528615951538,3.8058762550354,1.1487941689845953,46003.84643310737,12193.667227129425,0.3044965778988375,3.77215838432312,22.608129501342773,0.9699415219601628,887.4766695872953,40045.334207928296,336.27587096731065,19.28550884629321,0.0,0.0214956495838961,0.9699415219601628,0.0081449671112979,0.000467115986722,0.0,40381.61007889561,1.1407907379833928,46066.96676286094,0.9780864890714608,559049.9
CH,Switzerland,2015,41286.33871349311,273081,40232.65362239051,1.0977702140808103,0.0,4.310047626495361,0.0,0.5297138690948486,2.381821632385254,5.6866984367370605,0.5297138690948486,3.926183700561523,1.0945293290737814,44035.81937617293,10506.414407720027,0.2611414724549249,4.191030502319336,28.316957473754883,0.9744786017860616,886.5849181656229,40232.65362239052,152.60583503418994,16.52788173886609,0.0,0.0214740503951703,0.9744786017860618,0.0036962792000811,0.0004003232607657,0.0,40385.25945742471,1.0912813665947172,44071.681130980665,0.978174880986143,636419.8
CH,Switzerland,2016,41286.33871349311,272696,40175.34937744265,1.0846964120864868,0.0,4.1925225257873535,0.0,0.5731148719787598,2.3238582611083984,5.441157341003418,0.5731148719787598,3.865157604217529,1.0817789077030944,43460.84556612011,11269.476398233675,0.2805072407051965,3.8554298877716064,25.98642349243164,0.9730906306863348,884.3912785953236,40175.34937744266,209.06598484352563,19.565616447693586,0.0,0.0214209180603919,0.9730906306863352,0.0050638053980601,0.000473900497292,0.0,40384.415362286185,1.0773412401515938,43507.79612920248,0.9781544360843952,631447.6
CH,Switzerland,2017,41286.33871349311,272852,40198.84111498192,1.07448410987854,0.0,4.184615135192871,0.0,0.5568610429763794,2.3235132694244385,5.464841842651367,0.5568610429763794,3.894534111022949,1.071431161964698,43070.291045459366,10947.373604709148,0.2723305772272403,3.933019638061523,24.906219482421875,0.9736596261039788,885.8560829234016,40198.84111498193,193.9611132943309,9.713946129534484,0.0,0.0214563972133932,0.9736596261039788,0.004697948990835,0.0002352823338718,0.0,40392.80222827626,1.067362432562506,43113.75964438916,0.978357575094814,625926.6
CH,Switzerland,2018,41286.33871349311,272860,40199.59250578416,1.0792557001113892,0.0,4.234250545501709,0.0,0.5423728227615356,2.292717695236206,5.4972333908081055,0.5423728227615356,3.9233062267303462,1.0761289022252336,43259.94335315123,10663.515660051364,0.2652642724803002,4.056220054626465,27.61552047729492,0.9736778256059364,885.1193560603142,40199.59250578416,185.1221723142321,18.538223170485487,0.0,0.0214385528879808,0.9736778256059364,0.004483860232773,0.0004490159153886,0.0,40384.71467809839,1.0723897687045347,43308.15483284456,0.9781616858387092,627171.6
CH,Switzerland,2019,41286.33871349311,272819,40193.51629363397,1.0313910245895386,0.0,4.174699306488037,0.0,0.5112203359603882,2.156822204589844,5.205422401428223,0.5112203359603882,4.047639846801758,1.0286193802205987,41343.82981884431,10201.382520028106,0.2538066698494813,4.052000522613525,26.43369483947754,0.9735306531430944,883.5033356632212,40193.51629363397,192.53459696739816,18.81803106459712,0.0,0.0213994111174231,0.9735306531430944,0.0046633972148388,0.0004557931667224,0.0,40386.05089060137,1.0247133984024293,41384.12745616159,0.9781940503579332,657857.6
CH,Switzerland,2020,41286.33871349311,272460,40140.43784139955,0.9736056327819824,0.0,3.914341449737549,0.0,0.0,2.0309863090515137,4.889709949493408,0.0,4.020458698272705,0.9711389195347312,38981.9414349478,9907.75278703946,0.2468272226174105,3.9332852363586426,28.951526641845703,0.9722450353361304,884.8233547897264,40140.43784139954,238.6399810612333,24.47108007868648,0.0,0.0214313834154674,0.97224503533613,0.0057801197320323,0.000592716158449,0.0,40379.07782246079,0.9665503529364284,39028.411920546976,0.9780251550681628,663105.6
CH,Switzerland,2021,41286.33871349311,271774,40038.70310720066,1.0348811149597168,0.0,4.047641754150391,0.0,0.5762486457824707,2.183661937713623,5.099072456359863,0.5762486457824707,3.9112143516540527,1.0322639067328097,41330.50808995403,11253.710724440572,0.2810708102684944,3.67124080657959,24.955474853515625,0.9697809094928366,885.7078758555556,40038.703107200665,328.1455666427997,35.81570763018155,0.0,0.0214528074771156,0.9697809094928368,0.0079480423032899,0.0008674953688367,0.0,40366.848673843466,1.0252737961651124,41387.07217905412,0.9777289517961268,710646.0
CH,Switzerland,2022,41286.33871349311,272777,40187.48662785758,1.0212451219558716,0.0,3.769221305847168,0.0,0.6538256406784058,2.1215078830718994,4.820560932159424,0.6538256406784058,3.690809488296509,1.0186033564784671,40935.10876756925,13278.61698764821,0.3304167068373865,3.080937623977661,24.704803466796875,0.9733846080840196,884.6818778789318,40187.48662785758,197.5091708695626,18.694580723125213,0.0,0.021427956690909,0.9733846080840196,0.0047838868018832,0.000452803065267,0.0,40384.99579872714,1.0146410364218126,40976.273993111055,0.9781684948859029,815869.1
CH,Switzerland,2023,41286.33871349311,272554,40154.56609975225,0.9150336384773254,0.0,3.3232569694519043,0.0,0.6492558121681213,1.8747018575668333,4.171627521514893,0.6492558121681213,3.6318414211273193,0.9126043619498672,36645.23217483817,13911.914505473613,0.3464590918729775,2.633065700531006,25.378978729248047,0.9725872371102025,887.0232623938527,40154.56609975226,219.63390897449185,27.14898620859408,0.0,0.0214846675688381,0.9725872371102025,0.0053197720073616,0.0006575779556766,0.0,40374.20000872674,0.9092071656668496,36708.51195600094,0.977907009117564,858396.6
CH,Switzerland,2024,41286.33871349311,272233,40106.98012188142,0.8848817348480225,0.0,3.34993577003479,0.0,0.5969516038894653,1.8458794355392456,4.150866508483887,0.5969516038894653,3.785743951797485,0.882455177001334,35392.61224244385,12108.240663342474,0.3018985878903534,2.921698093414306,22.61906623840332,0.9714346530023924,886.8821316288329,40106.98012188142,281.810864174798,12.699139644139528,0.0,0.0214812492283067,0.9714346530023924,0.0068257654458155,0.0003075869655642,0.0,40388.79098605622,0.8777983229060674,35453.212991763845,0.978260418448208,896448.7
CH,Switzerland,2025,41286.33871349311,272503,40146.72383554649,0.8820250630378723,0.0,3.407431364059448,0.0,0.5684959292411804,1.8181633949279783,4.2270121574401855,0.5684959292411804,3.8631911277771,0.8796653733725169,35315.682812479325,11333.163129771798,0.2822935982571323,3.115175247192383,24.706274032592773,0.9723972889469568,885.1160699204154,40146.723835546494,231.9131614473085,24.6191904149785,0.0,0.0214384732941006,0.9723972889469568,0.0056171888492382,0.0005963035517831,0.0,40378.6369969938,0.8761517054259388,35377.81166769102,0.978014477796195,925874.8
CY,Cyprus,2012,9290.702138711364,52785,9275.303057948478,2.0894391536712646,0.0,6.767728805541992,0.0,0.8427091240882874,4.713440418243408,11.699726104736328,0.8427091240882874,3.2390170097351074,2.090653301139413,19391.442957168485,3483.0900686941072,0.375523047272215,5.566038131713867,63.19325637817383,0.9983425277731462,14.92134460157919,9275.303057948478,0.5260868953683376,0.0,0.0,0.0016060513380799,0.9983425277731462,5.6625095446371375e-05,0.0,0.0,9275.829144843849,2.090579966663707,19391.86258440589,0.9983991528685928,19495.4
CY,Cyprus,2013,9290.702138711364,52781,9274.597754652725,2.062692165374756,0.0,6.438888072967529,0.0,0.8500811457633972,4.97676944732666,12.128012657165527,0.8500811457633972,3.121594190597534,2.0640314095033827,19143.06107611277,3405.7887452133964,0.3672168686242849,5.619436264038086,62.94179534912109,0.998266612811583,14.571305989082571,9274.597754652725,1.5814288036191464,0.0,0.0,0.0015683751100327,0.998266612811583,0.0001702162850566,0.0,0.0,9276.179183456346,2.063831338010384,19144.469295816783,0.99843682909664,18040.3
CY,Cyprus,2014,9290.702138711364,52784,9275.125467936004,2.0875160694122314,0.0,6.448745250701904,0.0,0.9107524752616882,5.04266881942749,11.902896881103516,0.9107524752616882,3.089195489883423,2.0888742080081903,19374.570366011416,3585.4272366400664,0.3865637450441878,5.40240478515625,61.41260528564453,0.9983234129624652,14.921192070842029,9275.125467936004,0.7038294385807514,0.0,0.0,0.0016060349205115,0.9983234129624652,7.575632369572165e-05,0.0,0.0,9275.829297374585,2.088782635630404,19375.191167427794,0.9983991692861608,17482.8
CY,Cyprus,2015,9290.702138711364,52782,9274.7775777446,2.0953731536865234,0.0,6.479413986206055,0.0,0.9088558554649352,5.137460231781006,12.057243347167969,0.9088558554649352,3.0922482013702397,2.0967211669296457,19446.62246582157,3484.4022647696843,0.3756858033049463,5.579838752746582,64.16619110107422,0.99828596797863,14.92116792727971,9274.7775777446,1.0517437735455035,0.0,0.0,0.0016060323218315,0.99828596797863,0.000113203906211,0.0,0.0,9275.829321518147,2.096587927540614,19447.59177342219,0.9983991718848412,17944.2
CY,Cyprus,2016,9290.702138711364,52776,9273.716862521567,2.2210075855255127,0.0,6.886175632476807,0.0,0.9646624326705932,5.243129253387451,12.486024856567385,0.9646624326705932,3.100473642349243,2.2226090310954065,20611.846850462192,3632.8316804236974,0.3917341594830527,5.672194004058838,63.782325744628906,0.9981717984350156,14.922786969411376,9273.716862521567,2.110839954447746,0.0,0.0,0.001606206586608,0.9981717984350156,0.0002271991850489,0.0,0.0,9275.827702476015,2.222288267229494,20613.563072054763,0.9983989976200646,19013.8
CY,Cyprus,2017,9290.702138711364,52787,9275.650467924092,2.2240726947784424,0.0,7.095190525054932,0.0,0.9658727645874025,5.257584571838379,12.23488998413086,0.9658727645874025,3.190179347991944,2.225747132663064,20645.252432566853,3600.858218140629,0.3882054666238957,5.731686115264893,67.26762390136719,0.9983799210691991,14.22090384362602,9275.650467924092,0.8791176777088642,0.0,0.0,0.0015306597533002,0.9983799210691991,9.46233841730717e-05,0.0,0.0,9276.529585601802,2.225612726692156,20645.96230525168,0.9984745444533724,20312.4
CY,Cyprus,2018,9290.702138711364,52766,9271.954401866258,2.37204909324646,0.0,7.855954170227051,0.0,1.0008785724639893,5.397612571716309,12.939814567565918,1.0008785724639893,3.311885118484497,2.3738600378277623,22010.322027151524,3618.4457183241793,0.3902570657159249,6.081213474273682,58.899898529052734,0.9979820968786643,15.448186851332904,9271.954401866258,3.347900727834224,0.0,0.0,0.0016627577357114,0.9979820968786643,0.0003603495922966,0.0,0.0,9275.302302594093,2.3733010910922085,22013.085074956634,0.998342446470961,21807.8
CY,Cyprus,2019,9290.702138711364,52775,9273.539581924046,2.209324598312378,0.0,7.424083709716797,0.0,0.9487557411193848,5.058243751525879,11.62789249420166,0.9487557411193848,3.3603408336639404,2.2110407186141137,20504.17362131377,3530.057332696981,0.3806591109588573,5.806918144226074,70.55878448486328,0.9981527169280556,15.27452005688977,9273.539581924046,1.9363874644913672,0.0,0.0,0.0016440651986081,0.9981527169280556,0.0002084220800086,0.0,0.0,9275.47596938854,2.2107356880757947,20505.62574941667,0.9983611390080648,23400.9
CY,Cyprus,2020,9290.702138711364,52769,9272.487478530404,2.01145076751709,0.0,6.543036460876465,0.0,0.8809998631477356,4.828386306762695,10.93941593170166,0.8809998631477356,3.252894163131714,2.013159385832,18666.995197413176,3278.381912383307,0.3535601336722319,5.6921892166137695,66.55286407470703,0.9980394743143186,15.44788939972639,9272.487478530404,2.8151215152947904,0.0,0.0,0.001662725719659,0.9980394743143186,0.0003030041726948,0.0,0.0,9275.3026000457,2.0128019595571947,18669.34724885793,0.9983424784870134,22373.6
CY,Cyprus,2021,9290.702138711364,52769,9272.487660372246,2.139789342880249,0.0,6.792155742645264,0.0,1.075373291969299,5.004945755004883,11.23037052154541,1.075373291969299,3.174216985702514,2.141456268503495,19856.62682492545,3813.6761727119,0.4112894308838367,5.2053542137146,64.87598419189453,0.9980394938867728,14.57178085579276,9272.487660372246,3.691048217387438,0.0,0.0,0.0015684262220695,0.9980394938867728,0.0003972840978302,0.0,0.0,9276.178708589634,2.140960959662253,19859.93646994062,0.998436777984603,25679.9
CY,Cyprus,2022,9290.702138711364,52773,9273.192682079258,2.1959469318389893,0.0,6.765450954437256,0.0,1.19174063205719,5.0852885246276855,11.180432319641112,1.19174063205719,3.080880880355835,2.1976530396886917,20379.260085390408,4360.871565893614,0.4702664675911607,4.671720504760742,64.94999694824219,0.9981153785396748,15.274172206666709,9273.192682079258,2.2836351595013142,0.0,0.0,0.0016440277579262,0.9981153785396748,0.0002457979090714,0.0,0.0,9275.47631723876,2.197335111744723,20381.32979002536,0.9983611764487462,29645.4
CY,Cyprus,2023,9290.702138711364,52777,9273.897944491211,2.3946237564086914,0.5656072497367859,7.1139421463012695,0.0,1.361810564994812,5.391094207763672,11.824310302734377,1.361810564994812,2.970797538757324,2.396353710198354,22223.5397472824,5220.624441056696,0.5629374479107568,4.255541324615479,67.60867309570312,0.9981912891007306,14.922275098730088,9273.897944491211,1.9302698554844853,0.0,0.0,0.0016061514916675,0.9981912891007306,0.0002077636142742,0.0,0.0,9275.828214346697,2.3960335210203736,22225.19533680124,0.9983990527150052,32439.2
CY,Cyprus,2024,9290.702138711364,52776,9273.716337318456,2.415045499801636,0.0,7.223963260650635,0.0,1.3498620986938477,5.694477081298828,12.59971046447754,1.3498620986938477,2.9912328720092773,2.416602315824991,22410.88437706784,4483.739312738733,0.4834889433371681,4.997116088867188,58.41782379150391,0.9981717419050458,14.747572015045405,9273.716337318456,2.286580111925363,0.0,0.0,0.0015873474140987,0.9981717419050458,0.000246114887528,0.0,0.0,9276.002917430382,2.416204231287469,22412.7174985302,0.998417856792574,34770.2
CY,Cyprus,2025,9290.702138711364,52770,9272.660069773576,2.733555316925049,0.6242020130157471,7.5161285400390625,0.0,1.6956775188446045,6.462974548339844,13.957690238952637,1.6956775188446045,2.749579906463623,2.735022637848405,25360.935203903704,5443.565563312648,0.5870554428127086,4.657724380493164,67.62628173828125,0.9980580510850076,14.218763510653018,9272.660069773576,3.871656161197186,0.0,0.0,0.0015304293796491,0.9980580510850076,0.0004167237420157,0.0,0.0,9276.531725934772,2.734243316892527,25364.29487557865,0.9984747748270232,36483.5
CZ,Czechia,2012,78872.44082613155,552354,76902.77846430514,1.193477749824524,0.0,5.219076156616211,0.0,0.6323336362838745,1.8995236158370967,4.783063411712647,0.6323336362838745,4.372998237609863,1.190948500762679,91587.24871654864,26921.27688660336,0.3500689757145644,3.407925605773926,23.863664627075195,0.975027242200246,32.88460907244826,76902.77846430514,1933.0718212993588,0.0,0.0,0.0004169340865834,0.975027242200246,0.0245088373207654,0.0,0.0,78835.85028560452,1.1747970352474173,92616.12318673746,0.9995360795210118,163759.4
CZ,Czechia,2013,78872.44082613155,554507,77198.93399476256,1.116803526878357,0.0,5.00421142578125,0.0,0.5833432674407959,1.763855218887329,4.632070064544678,0.5833432674407959,4.480834007263184,1.1144304103222231,86032.83968822146,23527.76152771932,0.3047679587041386,3.661687135696411,20.18417739868164,0.9787821092660476,33.03042818638039,77198.93399476254,1636.7704717280149,0.0,0.0,0.0004187828833545,0.9787821092660473,0.0207521214581929,0.0,0.0,78835.70446649056,1.1023007718199296,86900.6578803804,0.9995342307242402,160470.0
CZ,Czechia,2014,78872.44082613155,555536,77341.15959652716,1.133472561836243,0.0,4.915557384490967,0.0,0.6252831220626831,1.8231995105743408,4.603448867797852,0.6252831220626831,4.336723804473877,1.130938772039325,87468.11606219388,26569.105652946848,0.3435312554343945,3.295053243637085,23.60885429382324,0.980585344975186,32.32496213335324,77341.15959652716,1495.2503360164542,0.0,0.0,0.0004098384910467,0.980585344975186,0.0189578301413623,0.0,0.0,78836.4099325436,1.1213846560896203,88405.94043954574,0.9995431751165482,158991.5
CZ,Czechia,2015,78872.44082613155,557718,77640.10801185522,1.0777047872543335,0.0,4.843364715576172,0.0,0.5624605417251587,1.7268619537353516,4.50705623626709,0.5624605417251587,4.494147777557373,1.075376994213322,83492.38598418652,22376.437445587384,0.288207191084415,3.73662781715393,26.515474319458008,0.984375622189848,32.32777300808192,77640.10801185522,1196.2991098136315,0.0,0.0,0.0004098741292835,0.984375622189848,0.015167517288463,0.0,0.0,78836.40712166888,1.0673025655782022,84142.29958192485,0.9995431394783114,170527.3
CZ,Czechia,2016,78872.44082613155,556554,77480.63627225405,1.0895781517028809,0.0,5.06062650680542,0.0,0.5495215654373169,1.738251805305481,4.5088725090026855,0.5495215654373169,4.644574165344238,1.087239952588081,84240.04330713983,21552.19315308168,0.2781623149989484,3.9147660732269287,25.214086532592773,0.9823537278763106,31.63028297994185,77480.63627225404,1356.4683394429671,0.0,0.0,0.0004010308626008,0.9823537278763104,0.0171982548686834,0.0,0.0,78837.10461169697,1.0784750555947429,85023.85077902842,0.9995519827449936,179145.9
CZ,Czechia,2017,78872.44082613155,554227,77160.6883397483,1.1230846643447876,0.0,5.022850513458252,0.0,0.5868450403213501,1.8617868423461916,4.648522853851318,0.5868450403213501,4.472370147705078,1.120596220882724,86465.97575423162,23190.10348139203,0.3005429834851014,3.7335574626922607,22.88102149963379,0.9782972040873352,32.89841217148114,77160.68833974835,1675.1481427571457,0.0,0.0,0.0004171090919324,0.978297204087336,0.0212387004283268,0.0,0.0,78835.83648250546,1.1077369100434045,87329.3659058177,0.9995359045156624,196738.7
CZ,Czechia,2018,78872.44082613155,555311,77309.43758785317,1.1435015201568604,0.0,5.029833793640137,0.0,0.5934405326843262,1.9216561317443848,4.838357925415039,0.5934405326843262,4.398624420166016,1.1409501055216364,88206.21097367944,23335.70182226345,0.3018480349924308,3.7864043712615967,27.89988136291504,0.980183151150046,31.764470618682864,77309.43758785314,1527.532836205114,0.0,0.0,0.0004027321873898,0.9801831511500456,0.0193671302701592,0.0,0.0,78836.97042405825,1.129161317045348,89019.65735589477,0.9995502814202047,213505.4
CZ,Czechia,2019,78872.44082613155,558254,77714.15498626926,1.0844403505325315,0.0,4.991794109344482,0.0,0.5435540080070496,1.7493752241134644,4.531543254852295,0.5435540080070496,4.603106021881104,1.081860762816016,84075.89499504735,21240.684411221595,0.2733180900567529,3.9643070697784415,29.34699821472168,0.9853144415497976,32.05288968982697,77714.15498626923,1122.5270187178876,0.0,0.0,0.0004063889662104,0.9853144415497972,0.0142321830915872,0.0,0.0,78836.68200498712,1.0747761733928252,84731.78740830705,0.9995466246413844,229406.7
CZ,Czechia,2020,78872.44082613155,555505,77336.4245956789,1.0771517753601074,0.0,4.84589147567749,0.0,0.5301103591918945,1.7713391780853271,4.660290241241455,0.5301103591918945,4.498800754547119,1.0748208705635791,83122.8032102022,20474.12833591142,0.2647410769627872,4.064994812011719,30.811647415161133,0.9805253113208618,32.051382098127846,77336.4245956789,1500.2589168999295,0.0,0.0,0.0004063698519078,0.9805253113208618,0.0190213324348252,0.0,0.0,78836.68351257882,1.0637901200623765,83865.6850191658,0.999546643755687,220310.6
CZ,Czechia,2021,78872.44082613155,558495,77747.23072262476,1.1140326261520386,0.0,5.107290267944336,0.0,0.5909818410873413,1.876936674118042,4.704842567443848,0.5909818410873413,4.584506988525391,1.1116445686993874,86427.28676422397,23341.940784778515,0.3002285813632963,3.70772123336792,26.94818687438965,0.985733798881827,32.32876105515338,77747.23072262478,1089.1754109970136,0.0,0.0,0.0004098866564357,0.9857337988818272,0.0138093280693318,0.0,0.0,78836.4061336218,1.1044119540264643,87067.86934645718,0.9995431269511592,246012.3
CZ,Czechia,2022,78872.44082613155,556606,77487.76497053273,1.186293601989746,0.0,4.892603397369385,0.0,0.6720837950706482,2.0430212020874023,4.8780622482299805,0.6720837950706482,4.124277114868164,1.1838630301136843,91734.90023475193,28378.891875670342,0.3662370683483044,3.2371535301208496,27.370969772338867,0.9824441105017756,33.16310953124857,77487.76497053273,1347.8068146129713,0.0,0.0,0.0004204651102956,0.9824441105017756,0.0170884379955238,0.0,0.0,78835.57178514572,1.1750816022745196,92638.23000951692,0.9995325484972994,286976.8
CZ,Czechia,2023,78872.44082613155,555954,77398.37616434736,1.1803277730941772,0.0,4.676005363464356,0.0,0.7180224657058716,1.959254264831543,4.570394515991211,0.7180224657058716,3.961616039276123,1.1778612390835042,91164.54725198932,34273.45847203147,0.4428188312278718,2.663797616958618,23.407670974731445,0.981310776662362,32.19092254476834,77398.37616434733,1438.1678077848285,0.0,0.0,0.0004081390433412,0.9813107766623618,0.0182340979018915,0.0,0.0,78836.54397213217,1.168687673763578,92135.2971823512,0.9995448745642536,319099.1
CZ,Czechia,2024,78872.44082613155,552188,76880.22802858606,1.1477696895599363,0.0,4.66169548034668,0.0,0.7056068778038025,1.9616172313690183,4.470869541168213,0.7056068778038025,4.061525344848633,1.1454445740583743,88062.04004771446,31268.326679287336,0.4067148014657418,2.8212718963623047,28.20719718933105,0.9747413319953268,32.053982559525494,76880.22802858605,1956.452883531373,0.0,0.0,0.0004064028223772,0.9747413319953264,0.0248052787898909,0.0,0.0,78836.6809121174,1.1314667745703422,89201.08506946474,0.9995466107852172,321231.1
CZ,Czechia,2025,78872.44082613155,555290,77306.4887303892,1.0849536657333374,0.0,4.639461040496826,0.0,0.6466072797775269,1.8718832731246948,4.336396217346191,0.6466072797775269,4.276183605194092,1.082698154551819,83699.59268327338,26504.471660515606,0.3428492497305299,3.163038730621338,30.489240646362305,0.9801457634714972,31.48817503655672,77306.48873038922,1530.757989251181,0.0,0.0,0.000399229118647,0.9801457634714974,0.0194080210174504,0.0,0.0,78837.24671964034,1.0735851074930336,84638.49399395988,0.9995537844889472,347258.7
DE,Germany,2012,357723.9923209748,2552561,345241.63471523987,1.0277727842330933,0.0,4.842094421386719,0.0,0.5496682524681091,1.91592800617218,5.188527584075928,0.5496682524681091,4.711249828338623,1.034826664109925,357265.24916422897,98739.22311234906,0.2860003347909952,3.6354148387908936,26.65303421020508,0.96510617718217,870.9376592760295,345241.63471524,11615.949789253298,0.7991618904390335,0.0,0.0024346638133641,0.9651061771821704,0.0324718219594023,2.23401814693483e-06,0.0,356857.5845044935,1.0205144232928802,364178.3120482935,0.9975779991415732,2800680.0
DE,Germany,2013,357723.9923209748,2562350,346538.9122568048,0.9934779405593872,0.0,4.848308086395264,0.0,0.5092809200286865,1.7603682279586792,5.114035606384277,0.5092809200286865,4.880136489868164,0.9992380150168982,346274.85480960464,89443.86051520446,0.2581062540212556,3.889523983001709,20.61721611022949,0.9687326533744652,870.9079993720984,346538.9122568048,10319.50106948278,0.0,0.0,0.002434580900547,0.9687326533744656,0.0288476626980708,0.0,0.0,356858.413326288,0.9854366719605194,351661.3671893687,0.9975803160725376,2869480.0
DE,Germany,2014,357723.9923209748,2556827,345807.958646718,1.018367052078247,0.0,4.651064395904541,0.0,0.5676202774047852,1.9527530670166016,5.099976062774658,0.5676202774047852,4.567178726196289,1.024052250644641,354125.4183430005,103011.88189129616,0.2978875393568789,3.447755813598633,27.06435775756836,0.9666893081536312,871.3720954559345,345807.9586467181,11049.856412521143,0.1341709646172523,0.0,0.0024358782585487,0.9666893081536316,0.0308893354925057,3.750683976960227e-07,0.0,356857.815059239,1.0102370060785948,360510.9706811945,0.9975786436461366,2988470.0
DE,Germany,2015,357723.9923209748,2587207,349856.0920376532,0.9853588938713074,0.0,4.6830902099609375,0.0,0.0,1.850795030593872,5.150803089141846,0.0,4.752674579620361,0.9916473369036788,346933.8619686672,85085.63090235628,0.2432017987933134,4.093958377838135,27.236270904541016,0.9780056679109688,868.7649883652325,349856.0920376533,7004.464299641209,0.0,0.0,0.0024285902176382,0.9780056679109692,0.0195806388444762,0.0,0.0,356860.55633729463,0.9839169409654328,351121.1469426135,0.9975863067554456,3094190.0
DE,Germany,2016,357723.9923209748,2565755,347001.5468182153,1.015926480293274,0.0,4.7056169509887695,0.0,0.515528678894043,1.9233777523040767,5.246766567230225,0.515528678894043,4.631847858428955,1.02223636962894,354717.6014750791,90574.80305766058,0.2610213236458864,3.932342052459717,29.653892517089844,0.9700259257613938,870.4681716190314,347001.5468182152,9857.306335825477,0.0,0.0,0.0024333513834822,0.9700259257613936,0.0275556198282077,0.0,0.0,356858.8531540409,1.0095976957375006,360283.87584784674,0.997581545589602,3204870.0
DE,Germany,2017,357723.9923209748,2546138,344389.1749139678,1.0454047918319702,0.0,4.866360187530518,0.0,0.5522779226303101,2.0450384616851807,5.382386684417725,0.5522779226303101,4.655000686645508,1.0523836204562356,362429.5267418972,97358.85629211126,0.2827001061123149,3.732936143875122,23.204879760742188,0.9627231673210164,869.0221487764259,344389.174913968,12470.587651857642,0.5366110577054023,0.0,0.0024293090970445,0.9627231673210168,0.0348609204849423,1.5000700797946974e-06,0.0,356859.76256582583,1.0341344169461857,369040.9624925645,0.99758408780596,3345860.0
DE,Germany,2018,357723.9923209748,2556974,345852.0286333548,1.0883406400680542,0.0,5.013321876525879,0.0,0.539692759513855,2.1263113021850586,5.654521465301514,0.539692759513855,4.606390476226807,1.0946011390932802,378570.0244997919,94409.6289433533,0.2729769413711867,4.023913860321045,30.056224822998047,0.9668125036551432,869.6928106613778,345852.028633355,11007.599881643377,0.0,0.0,0.0024311838996838,0.9668125036551436,0.0307712094182561,0.0,0.0,356859.6285149984,1.077327178143954,384454.57658156287,0.9975837130733998,3450580.0
DE,Germany,2019,357723.9923209748,2571425,347763.3380501448,1.0527724027633667,0.0,5.03648567199707,0.0,0.5161586999893188,2.0084266662597656,5.423829078674316,0.5161586999893188,4.784021377563477,1.059254397128851,368369.8449898229,90574.08981834672,0.2604474937645286,4.082597732543945,30.824874877929688,0.972155476052351,872.134069257568,347763.3380501447,9093.849206257471,0.0,0.0,0.0024380083192044,0.9721554760523508,0.0254214126015283,0.0,0.0,356857.18725640205,1.0471628915789586,373687.6040881479,0.9975768886538788,3557630.0
DE,Germany,2020,357723.9923209748,2561586,346439.34556275746,1.0324358940124512,0.0,4.880640983581543,0.0,0.0,1.9836981296539309,5.41644811630249,0.0,4.727306365966797,1.0391535322858096,360003.6696643237,84459.24650644191,0.2437923047373443,4.277246952056885,30.680395126342773,0.9684543195299802,866.7244480190005,346439.3455627571,10423.251314883648,0.0,0.0,0.0024228859864711,0.9684543195299792,0.0291376914566333,0.0,0.0,356862.5968776408,1.0232872376523154,365172.94098035287,0.9975920109866128,3477670.0
DE,Germany,2021,357723.9923209748,2560644,346320.7814519886,1.0735161304473877,0.0,4.816959857940674,0.0,0.5533916354179382,2.1250901222229004,5.517173767089844,0.5533916354179382,4.487086772918701,1.0804295561371895,374175.2081852568,97267.24092629067,0.2808588052916919,3.860403299331665,26.472633361816406,0.9681228793321908,872.8873264333824,346320.78145198885,10535.652547237543,0.0,0.0,0.0024401140129571,0.9681228793321917,0.029451903627935,0.0,0.0,356856.43399922625,1.0646823527346068,379938.7477387781,0.9975747829601262,3713090.0
DE,Germany,2022,357723.9923209748,2574859,348228.6276709168,1.1334505081176758,0.0,4.724553108215332,0.0,0.6327042579650879,2.2545430660247803,5.627313613891602,0.6327042579650879,4.16829252243042,1.140394421115528,397117.9842686299,116146.7223532774,0.3335358242373986,3.428241491317749,29.55803108215332,0.9734561705284276,867.8093731732654,348228.6276709167,8632.8842815698,0.0,0.0,0.0024259188419059,0.9734561705284276,0.0241328076027502,0.0,0.0,356861.5119524864,1.129074832471851,402923.351823405,0.9975889781311776,4010630.0
DE,Germany,2023,357723.9923209748,2547275,344538.8085803667,1.136231780052185,0.0,4.473227024078369,0.0,0.6958051919937134,2.2074105739593506,5.2869873046875,0.6958051919937134,3.936896562576294,1.1428896924692755,393769.8529821459,146708.14526313657,0.4258102182091792,2.688190221786499,25.027061462402344,0.9631414609485366,871.9601144998012,344538.8085803664,12318.55263079344,0.0,0.0,0.0024375220371504,0.9631414609485358,0.0344359139873972,0.0,0.0,356857.3612111598,1.1264101104332849,401967.7396507931,0.9975773749359328,4254930.0
DE,Germany,2024,357723.9923209748,2542680,343912.2437819975,1.1271687746047974,0.0,4.545058250427246,0.0,0.6671617031097412,2.2593212127685547,5.467144012451172,0.6671617031097412,4.032278537750244,1.1338270242518138,389936.9959711065,127827.4892751655,0.37168635774478,3.0600485801696777,23.014873504638672,0.961389929567306,871.4894486615124,343912.24378199765,12945.588095000609,0.0,0.0,0.00243620631372,0.9613899295673066,0.036188761092057,0.0,0.0,356857.8318769981,1.114664161192055,397776.6358339895,0.9975786906593632,4386940.0
DE,Germany,2025,357723.9923209748,2559622,346207.2718545684,1.1384838819503784,0.0,4.855775833129883,0.0,0.6042218208312988,2.279271125793457,5.763354778289795,0.6042218208312988,4.265124797821045,1.1444263123089389,396208.711423062,107026.0283361506,0.3091385913497192,3.7152092456817623,31.602888107299805,0.9678055687803216,866.8135487123827,346207.27185456833,10655.235922379044,0.0,0.0,0.0024231350631204,0.9678055687803214,0.0297861931296417,0.0,0.0,356862.5077769477,1.1286200983079513,402762.1986096407,0.997591761909964,4529710.0
DK,Denmark,2012,43354.22326166931,343789,41496.04947301116,0.708858072757721,0.0,8.666159629821777,0.0,0.0,0.689363956451416,3.0711965560913086,0.0,12.225521087646484,0.711712501271104,29533.25716330625,6493.086534233367,0.1564748118602577,4.537031173706055,25.478296279907227,0.9571397282926064,346.1549343738227,41496.04947301115,1514.059002526718,0.0,0.0,0.0079843417395478,0.9571397282926064,0.0349229876265674,0.0,0.0,43010.10847553787,0.7025147608214423,30215.23606859677,0.9920627159191736,254300.7
DK,Denmark,2013,43354.22326166931,344440,41576.88689556116,0.7299069762229919,0.0,8.114150047302246,0.0,0.0,0.6611620187759399,3.303800582885742,0.0,11.116690635681152,0.7325342224654305,30456.492514573045,5743.026811735009,0.1381302747885183,5.292713165283203,28.87921524047852,0.959004308406569,347.9667581601157,41576.88689556116,1431.409756190419,0.0,0.0,0.0080261329112027,0.959004308406569,0.0330166163409498,0.0,0.0,43008.29665175159,0.7205718826442282,30990.5692876741,0.9920209247475192,259530.9
DK,Denmark,2014,43354.22326166931,344393,41569.61125353752,0.6975176930427551,0.0,7.932689189910889,0.0,0.0,0.7005613446235657,3.178930759429932,0.0,11.372742652893066,0.7001053461718605,29103.10707688755,6513.806890112721,0.1566963628883685,4.46016788482666,22.61206817626953,0.9588364898764172,351.7243985823512,41569.61125353751,1434.9277577918397,0.0,0.0,0.0081128059072694,0.958836489876417,0.0330977618750351,0.0,0.0,43004.53901132936,0.690769470527098,29706.22264311791,0.9919342517514524,265635.7
DK,Denmark,2015,43354.22326166931,348700,42091.09708495791,0.7013909220695496,0.0,10.205110549926758,0.0,0.0,0.6116155982017517,2.9232540130615234,0.0,14.54981803894043,0.704261001947794,29643.118206134328,5182.751814867593,0.1231317825811613,5.705570697784424,26.99044418334961,0.9708649796563612,347.4381291581097,42091.0970849579,917.728195795683,0.0,0.0,0.0080139396584528,0.970864979656361,0.0211681383439078,0.0,0.0,43008.82528075359,0.6991228946788903,30068.45442701909,0.9920331180002688,272193.0
DK,Denmark,2016,43354.22326166931,344154,41542.27902326205,0.6920968890190125,0.0,7.569643497467041,0.0,0.0,0.6890779137611389,3.316541910171509,0.0,10.937259674072266,0.6943638111090062,28845.45518474597,5881.778280347404,0.1415853539728486,4.897459506988525,28.59807014465332,0.958206050020293,345.0912507671976,41542.27902326207,1468.893135882436,0.0,0.0,0.0079598070223599,0.9582060500202934,0.0338812006160683,0.0,0.0,43011.172159144495,0.6847398303859699,29451.46272895435,0.9920872506363616,282265.1
DK,Denmark,2017,43354.22326166931,343946,41515.8556101088,0.7067573070526123,0.0,9.190092086791992,0.0,0.0,0.6757603883743286,3.258232355117798,0.0,13.003179550170898,0.709339949263969,29448.85491212484,5913.222120765844,0.1424328617070828,4.972108364105225,24.94376945495605,0.9575965727614392,344.44011343796825,41515.8556101088,1495.9676863649358,0.0,0.0,0.007944788016592,0.9575965727614392,0.0345056968806903,0.0,0.0,43011.82329647373,0.6982244174141513,30031.90526310079,0.9921022696421296,294355.0
DK,Denmark,2018,43354.22326166931,343408,41450.62742105071,0.7710778713226318,0.0,9.709630012512209,0.0,0.0,0.7294896245002747,3.5949764251708984,0.0,12.59228229522705,0.7740860986380456,32086.354466460336,6515.052931345395,0.1571762199198153,4.916253566741943,25.450836181640625,0.9560920321619136,346.9754970558748,41450.62742105071,1558.660491805119,0.0,0.0,0.0080032686772327,0.9560920321619136,0.0359517568195755,0.0,0.0,43009.28791285582,0.7612133173624509,32739.24272954174,0.9920437889814888,301017.3
DK,Denmark,2019,43354.22326166931,342817,41380.4064876914,0.7436505556106567,0.0,7.0525736808776855,0.0,0.0,0.742845356464386,3.54445481300354,0.0,9.483719825744627,0.7461655459391194,30876.633598070934,6596.978052037177,0.15942274646334,4.670612812042236,27.259742736816406,0.9544723299027936,343.664879182013,41380.4064876914,1632.1920430382925,0.0,0.0,0.007926906615482,0.9544723299027936,0.037647821140446,0.0,0.0,43012.59853072968,0.7330272243282778,31529.40571212734,0.9921201510432396,308546.2
DK,Denmark,2020,43354.22326166931,345858,41747.3816554861,0.7439321875572205,0.0,8.13504695892334,0.0,0.0,0.6898819208145142,3.45905876159668,0.0,10.935199737548828,0.7465974608782907,31168.489142302853,5789.741876320142,0.1386851497442188,5.373072147369385,30.200515747070312,0.9629369070578214,343.38926338713884,41747.3816554861,1265.492491038465,0.0,0.0,0.0079205493156819,0.9629369070578214,0.0291896012852183,0.0,0.0,43012.87414652456,0.7362979040356067,31670.289080633363,0.9921265083430396,312118.3
DK,Denmark,2021,43354.22326166931,343630,41480.77734870308,0.8757703304290771,0.0,9.410728454589844,0.0,0.0,0.7566211819648743,4.33092737197876,0.0,10.745657920837402,0.8786046813301104,36445.20516378253,6466.318813099697,0.1558871175132852,5.624118804931641,23.51639175415039,0.9567874644724036,345.53730978006365,41480.77734870308,1529.9487514285595,0.0,0.0,0.0079700957319552,0.9567874644724036,0.0352894974543629,0.0,0.0,43010.72610013165,0.8610583620648041,37034.74536699728,0.9920769619267666,343318.6
DK,Denmark,2022,43354.22326166931,344625,41597.967181217085,0.8846936225891113,0.0,6.53887939453125,0.0,0.0,0.9027864933013916,4.437341690063477,0.0,7.391122817993164,0.8872604235661098,36908.2299806958,9721.886595051508,0.2337106174611646,3.7918505668640137,29.21055030822754,0.9594905421358344,338.0818735876036,41597.967181217085,1420.214355107017,0.0,0.0,0.0077981301048129,0.9594905421358344,0.0327583854180745,0.0,0.0,43018.18153632409,0.8769130755435363,37723.20587530812,0.9922489275539088,380567.4
DK,Denmark,2023,43354.22326166931,343660,41480.87267662529,0.8898182511329651,0.0,8.850532531738281,0.0,0.5194509029388428,0.905178725719452,4.186276912689209,0.5194509029388428,9.946450233459473,0.8927442909668362,37031.81226637945,11227.91927330522,0.27067702651377,3.293855667114258,28.819982528686523,0.9567896632875372,347.14900941773845,41480.87267662528,1528.241723868683,0.0,0.0,0.0080072708792977,0.956789663287537,0.035250123491887,0.0,0.0,43009.11440049395,0.8840222560344272,38021.01434236743,0.9920397867794236,373287.5
DK,Denmark,2024,43354.22326166931,343316,41441.67343619986,0.8903471231460571,0.0,9.202617645263672,0.0,0.0,0.9200175404548644,4.333484172821045,0.0,10.335988998413086,0.8930364091824878,37008.923235977214,9799.149897466605,0.2364564238109871,3.771426916122437,23.11362075805664,0.9558855013056966,347.3874524577852,41441.67343619988,1567.2025212540302,0.0,0.0,0.0080127707596348,0.9558855013056972,0.0361487855933896,0.0,0.0,43008.87595745391,0.8822481331177608,37944.50052095706,0.9920342868990868,400267.4
DK,Denmark,2025,43354.22326166931,342363,41325.230152828895,0.9523867964744568,0.0,8.203885078430176,0.0,0.0,0.8934089541435242,4.745635509490967,0.0,8.614026069641113,0.9557159067883936,39495.179808749934,8700.383586699154,0.2105344254472004,4.531597137451172,33.57721328735352,0.9531996433981944,339.2701913181314,41325.230152828895,1691.7630657646705,0.0,0.0,0.0078255396082275,0.9531996433981944,0.0390218746522995,0.0,0.0,43016.99321859357,0.9371764627668224,40314.51354346591,0.9922215180504942,417844.1
EE,Estonia,2012,45355.78655422221,371797,41730.23387498635,0.4640486240386963,0.0,23.867721557617188,0.0,0.0,0.0,0.623185932636261,0.0,51.43366622924805,0.46135242936166,19252.344776055197,3513.388990019966,0.0841928899930258,5.4711222648620605,8.739551544189453,0.92006416480284,1737.3929411461354,41730.23387498635,1886.1162342023852,0.0,0.0,0.0383058717120715,0.92006416480284,0.0415849085088086,0.0,0.0,43616.35010918873,0.471598841327506,20569.420174428247,0.9616490733116488,18086.6
EE,Estonia,2013,45355.78655422221,383120,42993.02669157103,0.479413628578186,0.0,20.457578659057617,0.0,0.0,0.0,0.5738787055015564,0.0,42.67208480834961,0.4753604845217506,20437.185999161764,2588.6604537012954,0.0602111703433248,7.892443180084228,14.028698921203612,0.9479060988210064,1733.0440141648694,42993.02669157103,627.6723445989671,0.0,0.0,0.0382099869901504,0.9479060988210064,0.0138388592125636,0.0,0.0,43620.69903617,0.4742815409616551,20688.49235669929,0.96174495803357,19163.2
EE,Estonia,2014,45355.78655422221,381682,42831.09780422621,0.402069479227066,0.0,19.477127075195312,0.0,0.0,0.0,0.5380602478981018,0.0,48.44219207763672,0.3992060439706051,17098.43311334322,2398.044033846425,0.0559883859341519,7.121899127960205,18.75741004943848,0.9443359063572238,1732.6780243748556,42831.09780422621,789.9672217337909,0.0,0.0,0.0382019176826194,0.9443359063572238,0.017417120983877,0.0,0.0,43621.06502596001,0.3977729886365991,17351.281402887544,0.9617530273411008,20365.6
EE,Estonia,2015,45355.78655422221,383581,43042.23475236712,0.4390840530395508,0.0,20.28707695007324,0.0,0.0,0.0,0.0,0.0,46.20317459106445,0.4357502661027787,18755.66524700224,2134.355997006115,0.049587480977361,8.787200927734375,21.01601791381836,0.9489910333913122,1732.7783386475394,43042.23475236712,578.7299593202085,0.0,0.0,0.0382041294020119,0.9489910333913122,0.0127597822303962,0.0,0.0,43620.96471168733,0.434429326013783,18950.22629976934,0.9617508156217084,21010.9
EE,Estonia,2016,45355.78655422221,382228,42890.47731455966,0.4795394539833069,0.0,18.46897315979004,0.0,0.0,0.0,0.0,0.0,38.51398086547852,0.4754356199348464,20391.66067134914,2073.1201461067435,0.0483352080906546,9.84707260131836,12.808472633361816,0.9456451000642376,1735.2545039286108,42890.47731455966,728.0112318465858,0.0,0.0,0.0382587236548998,0.9456451000642376,0.0160511213045827,0.0,0.0,43618.48854640626,0.4732818640981753,20643.839568388063,0.9616962213688206,22189.0
EE,Estonia,2017,45355.78655422221,382170,42883.94599357542,0.4259561002254486,0.0,15.284555435180664,0.0,0.0,0.0,0.532860279083252,0.0,35.8829345703125,0.4220664762716963,18099.87597413411,2315.145538681488,0.0539862991859081,7.829338073730469,20.50494766235352,0.9455010981301858,1735.360035728224,42883.94599357542,734.43702103123,0.0,0.0,0.038261050409822,0.9455010981301858,0.0161927964837126,0.0,0.0,43618.38301460664,0.4208082222119929,18354.974212138408,0.9616938946138982,24316.1
EE,Estonia,2018,45355.78655422221,383410,43021.51464452351,0.5176416039466858,0.0,17.436172485351562,0.0,0.0,0.0,0.5175492167472839,0.0,33.683868408203125,0.5133093189784304,22083.34438360093,2215.1407548471525,0.0514891391702577,9.975820541381836,15.139240264892578,0.9485341984554028,1735.2589853574996,43021.51464452351,596.969420453856,0.0,0.0,0.038258822461011,0.9485341984554028,0.0131619241073062,0.0,0.0,43618.48406497736,0.5106711010007862,22274.69928144724,0.9616961225627092,26438.5
EE,Estonia,2019,45355.78655422221,381498,42808.96461038063,0.5150038599967957,0.0,18.192781448364254,0.0,0.0,0.0,0.5693787336349487,0.0,35.325523376464844,0.5109813236269745,21874.5813997126,2453.215376980748,0.0573061133178136,8.919235229492188,17.46358299255371,0.9438479158376653,1734.7882052265109,42808.96461038063,809.9902347277302,0.0,0.0,0.0382484427461663,0.9438479158376653,0.0178585864398889,0.0,0.0,43618.95484510836,0.5072762860172922,22126.861413782543,0.961706502277554,28472.1
EE,Estonia,2020,45355.78655422221,382627,42935.837751996914,0.4701031744480133,0.0,15.507423400878906,0.0,0.0,0.0,0.5160452127456665,0.0,32.98727798461914,0.4658773406428751,20002.83391017429,2209.282194591061,0.0514554346732947,9.065324783325195,28.22542381286621,0.9466452026064572,1731.894096192004,42935.837751996914,686.0112021459427,0.0,0.0,0.0381846337097814,0.9466452026064572,0.0151251087074815,0.0,0.0,43621.84895414285,0.4634121158734829,20214.893322152817,0.9617703113139386,27859.3
EE,Estonia,2021,45355.78655422221,381107,42767.31551928117,0.5426382422447205,0.0,18.687278747558597,0.0,0.0,0.0,0.5941202640533447,0.0,34.43782043457031,0.5378132692855826,23000.82977799264,2653.726704617533,0.0620503455125943,8.68264389038086,17.23176383972168,0.9429296407009377,1735.0379347862165,42767.31551928117,851.3895962674933,0.0,0.0,0.0382539487593716,0.9429296407009377,0.0187713555634112,0.0,0.0,43618.70511554865,0.5319545678472923,23203.16942980016,0.9617009962643486,31453.3
EE,Estonia,2022,45355.78655422221,380176,42663.15469951528,0.6638307571411133,0.0,16.559383392333984,0.0,0.0,0.5461340546607971,0.8098913431167603,0.0,24.945188522338867,0.6570269094897182,28030.840681304267,5093.283122867371,0.1193836498669715,5.513326168060303,19.097980499267575,0.940633113010003,1735.15257733305,42663.15469951528,955.435773486544,0.0,0.0,0.0382564763871683,0.940633113010003,0.021065355626549,0.0,0.0,43618.590473001816,0.6525403390841059,28462.88981762336,0.961698468636552,36442.8
EE,Estonia,2023,45355.78655422221,382235,42892.63335545535,0.531519889831543,0.0,15.875998497009276,0.0,0.0,0.5793046355247498,0.8061394691467285,0.0,29.86905860900879,0.5270262851295198,22605.54521674816,6766.627526136816,0.1577573349265158,3.3468222618103027,14.697647094726562,0.9456926362456044,1737.2819083408986,42892.63335545535,723.8277865386248,0.0,0.0,0.0383034236715088,0.9456926362456044,0.015958885106607,0.0,0.0,43616.461141993976,0.527798824346474,23020.71691289809,0.9616515213522115,38157.9
EE,Estonia,2024,45355.78655422221,383888,43074.47131973841,0.4994986057281494,0.0,18.26897430419922,0.0,0.0,0.0,0.7126830220222473,0.0,36.57462692260742,0.4954406357068204,21340.8434533864,3670.072773608332,0.0852029673531143,5.819646835327148,19.28427124023437,0.9497017821142508,1734.9358556059772,43074.47131973841,544.3358749904785,0.0,0.0,0.0382516981274679,0.9497017821142508,0.0120014647820015,0.0,0.0,43618.80719472888,0.4957218073328602,21622.793936274567,0.9617032468962524,39883.0
EE,Estonia,2025,45355.78655422221,382323,42901.68192674545,0.4442851543426513,0.0,12.989768981933594,0.0,0.0,0.0,0.6319679617881775,0.0,29.237459182739254,0.4400226826822507,18877.713172987165,3015.042141168774,0.0702779472915992,6.2769455909729,22.106136322021484,0.9458921382712012,1733.0368594029817,42901.68192674545,719.0242641864453,0.0,0.0,0.0382098292426515,0.9458921382712012,0.0158529775098677,0.0,0.0,43620.70619093189,0.4393724137190924,19165.7349672411,0.9617451157810688,41874.8
EL,Greece,2012,132173.82175444538,787720,131380.26695756405,1.0440617799758911,0.0,5.948486328125,0.0,0.0,1.4055122137069702,3.918391466140747,0.0,5.697446823120117,1.046961650856569,137550.10118386796,29458.273607891377,0.2242214473304916,4.657301902770996,51.83149337768555,0.9939961273242472,696.50168174706,131380.2669575641,96.11517474542045,7.671228990639449,0.0,0.005269588731731,0.9939961273242476,0.0007271876795995,5.803894363356747e-05,0.0,131476.38213230946,1.046516148926887,137592.15710394428,0.9947233150038468,185899.2
EL,Greece,2013,132173.82175444538,787785,131391.53969546547,0.9922574758529664,0.0,5.805442810058594,0.0,0.0,1.3142271041870115,3.7504971027374263,0.0,5.850742340087891,0.9955138080558285,130802.09202855136,26150.308877448573,0.1990258196080113,4.992148399353027,54.36203002929688,0.9940814145449072,696.4789571360452,131391.53969546544,82.01833549092746,10.518054954753875,0.0,0.0052694168019895,0.9940814145449068,0.0006205338878927,7.957744442234928e-05,0.0,131473.55803095645,0.995220517648522,130845.18248066147,0.9947019484328002,178113.9
EL,Greece,2014,132173.82175444538,787778,131390.82267115053,0.9765097498893738,0.0,5.78465461730957,0.0,0.0,1.271297812461853,3.688490390777588,0.0,5.923806190490723,0.979815691124305,128738.78972292435,25705.377598456387,0.195640586426593,4.995797634124756,50.16908264160156,0.994075989686146,704.4758167361293,131390.8226711505,74.74988782454896,10.155959294409037,0.0,0.0053299193999619,0.9940759896861456,0.0005655423050671,7.68379029947166e-05,0.0,131465.57255897502,0.9795993101791952,128783.58419108488,0.9946415319912126,176071.8
EL,Greece,2015,132173.82175444538,787214,131291.59859614196,0.9882875084877014,0.0,5.751221656799316,0.0,0.0,1.3145759105682373,3.7158396244049072,0.0,5.819381237030029,0.9914748613562342,130172.3195153482,27231.59456232778,0.2074130778626073,4.769631862640381,54.72333526611328,0.9933252807054151,696.8980594161047,131291.59859614196,132.80575465796304,54.69335757389665,0.0,0.0052725876437984,0.9933252807054151,0.0010047810746116,0.0004137987148128,0.0,131424.40435079992,0.9908055032135262,130216.02308733226,0.9943300617800268,175362.9
EL,Greece,2016,132173.82175444538,787683,131374.0083550559,0.9947139024734496,0.0,5.800246238708496,0.0,0.0,1.325541377067566,3.7818562984466553,0.0,5.831069946289063,0.998102981558766,131124.78943850755,26081.998720878106,0.1985324117567304,5.017285346984863,54.31592559814453,0.9939487760225668,699.5865491797531,131374.00835505594,99.25887532777668,6.649121676778556,0.0,0.005292928205401,0.993948776022567,0.0007509722728013,5.030588953636673e-05,0.0,131473.26723038367,0.9977192011724476,131173.4031566301,0.994699748295368,174448.2
EL,Greece,2017,132173.82175444538,787319,131310.44809886778,1.0340988636016846,0.0,5.9373273849487305,0.0,0.0,1.3891453742980957,4.01321268081665,0.0,5.741547107696533,1.0374741069505176,136231.18987464515,26120.339486176603,0.19892049615511,5.206028938293457,53.45088958740234,0.9934678921732204,692.6478877794309,131310.44809886772,154.4285727751546,19.69868651695705,0.0,0.005240431717759,0.9934678921732198,0.001168374877304,0.0001490362180307,0.0,131464.87667164294,1.0366465796810491,136282.61474984963,0.9946362670505244,177378.5
EL,Greece,2018,132173.82175444538,787169,131286.62665035488,1.0537898540496826,0.0,5.988821506500244,0.0,0.0,1.4467750787734983,4.074371814727783,0.0,5.683126926422119,1.0575630505985834,138843.88538314658,27081.51932030177,0.2062778213688573,5.115385055541992,53.98649597167969,0.9932876639843348,703.3292699347821,131286.62665035485,147.31821822790218,37.66985914800573,0.0,0.0053212448622499,0.9932876639843344,0.0011145793945611,0.0002850024206607,0.0,131433.94486858274,1.0568072260943495,138900.34269120463,0.9944022433788954,180615.7
EL,Greece,2019,132173.82175444538,787112,131275.57664452292,1.0849952697753906,0.0,6.078383445739746,0.0,0.0,1.5195488929748535,4.246973514556885,0.0,5.602221012115479,1.0887202003154377,142922.37210094958,27612.953391313767,0.2103434172381206,5.16444206237793,56.05977630615234,0.9932040619087852,700.5247524535739,131275.5766445228,150.50850038707208,53.94514568368578,0.0,0.0053000264587568,0.9932040619087844,0.0011387164144098,0.00040813789726,0.0,131426.0851449099,1.0878821382043482,142976.09052327133,0.9943427783231944,185181.2
EL,Greece,2020,132173.82175444538,787289,131306.45719771666,1.1063990592956543,0.0,6.387536525726318,0.0,0.0,1.5271787643432615,4.35611629486084,0.0,5.773266315460205,1.11008163653948,145760.8868942425,25822.897235789816,0.1966612898321261,5.630795001983643,59.568058013916016,0.9934376978344462,695.9582514221444,131306.45719771663,159.6385805735204,15.870685345448496,0.0,0.0052654772494594,0.993437697834446,0.0012077927266875,0.0001200743470589,0.0,131466.09577829018,1.1091106798473094,145810.4508655309,0.9946454905611338,167539.5
EL,Greece,2021,132173.82175444538,787502,131343.45063923026,1.2096840143203735,0.0,6.696685314178467,0.0,0.0,1.7965587377548218,4.7451581954956055,0.0,5.535896301269531,1.213811589480381,159426.20258824204,31640.95291121289,0.2409024032581814,5.027701377868652,53.438270568847656,0.993717582618154,696.5991653526013,131343.45063923023,125.4424379405873,15.062800523768184,0.0,0.0052703262726771,0.993717582618154,0.0009490717320229,0.0001139620563575,0.0,131468.89307717088,1.2131480123159497,159491.22631794796,0.9946666543501774,184574.6
EL,Greece,2022,132173.82175444538,786885,131236.61395682464,1.3065133094787598,0.0,7.017500877380371,0.0,0.587287425994873,1.9978598356246948,4.958482265472412,0.587287425994873,5.371166706085205,1.3108646168547042,172033.43367182167,39372.34973563487,0.3000104052409331,4.356770515441895,52.176639556884766,0.992909278212732,696.2389933104521,131236.6139568246,154.72475496458458,90.17173551871228,0.0,0.0052676012849498,0.9929092782127314,0.0011706157309428,0.0006822208386032,0.0,131391.33871178917,1.3098509119233817,172103.06483047098,0.9940798939436742,207008.7
EL,Greece,2023,132173.82175444538,787139,131280.14445033894,1.3623837232589722,0.0,7.123739242553711,0.0,0.6602246165275574,2.1098546981811523,5.043818473815918,0.6602246165275574,5.228878498077393,1.367211896472913,179487.77526318585,46240.79688304926,0.3522299360398813,3.870044708251953,54.07706069946289,0.993238620989815,700.7251536813969,131280.14445033885,156.86466104896212,41.76882202020335,0.0,0.005301542653304,0.9932386209898144,0.0011868058210527,0.0003160143322314,0.0,131437.0091113878,1.3660155282448865,179544.99543222037,0.994425426810867,224686.2
EL,Greece,2024,132173.82175444538,787652,131368.99290937706,1.3334567546844482,0.0,7.2429890632629395,0.0,0.5525491833686829,2.1407392024993896,5.204232692718506,0.5525491833686829,5.43173885345459,1.338750446152516,175870.29786803524,36078.01247882717,0.2746311110393839,4.863039970397949,53.24160385131836,0.9939108301902358,696.567266501098,131368.99290937695,105.88181301229476,9.113054156804084,0.0,0.0052700849325155,0.993910830190235,0.0008010800596278,6.894749683287859e-05,0.0,131474.87472238927,1.3380194470267663,175915.93917396467,0.994711910249863,236736.0
EL,Greece,2025,132173.82175444538,786910,131243.62990901835,1.5623637437820437,0.0,7.548660278320312,0.0,0.7662486433982849,2.4827094078063965,5.725653648376465,0.7662486433982849,4.831563949584961,1.5675195484160602,205726.95548746895,55359.36458161546,0.4218061068563257,3.7022507190704346,53.99892807006836,0.9929623594666488,695.4111508368115,131243.6299090184,211.480035880502,30.033947311496256,0.0,0.005261337998751,0.9929623594666492,0.0016000145344468,0.0002272306793647,0.0,131455.10994489887,1.5658733397101698,205842.05203138635,0.9945623740010956,248353.7
ES,Spain,2012,506158.77476614615,3085338,505765.3998812025,1.565968632698059,0.0,9.382341384887695,0.0,0.0,1.3165277242660522,4.763645172119141,0.0,5.991397857666016,1.5736014268561884,795873.154907551,104964.03724880586,0.2075350296272946,7.539552211761475,51.11752700805664,0.9992228231445254,295.2672102895708,505765.3998812024,87.05308598370146,14.306593071485992,0.0,0.0005833489904941,0.9992228231445252,0.0001719877048934,2.826503023304472e-05,0.0,505852.4529671861,1.5734441543256534,795930.5850725116,0.9993948108494186,1035964.0
ES,Spain,2013,506158.77476614615,3085319,505761.23647295753,1.4702680110931396,0.0,9.01779842376709,0.0,0.0,1.160074234008789,4.403852462768555,0.0,6.133438587188721,1.4777017243335944,747364.2512371801,91631.32376223724,0.1811750627652869,8.113452911376953,57.858394622802734,0.9992145976460208,299.6351809440341,505761.2364729576,86.73907048256396,12.528335546393391,0.0,0.0005919786357205,0.9992145976460208,0.0001713673155674,2.4751789697178903e-05,0.0,505847.9755434405,1.4775903212727006,747436.0726983774,0.9993859649615888,1025652.0
ES,Spain,2014,506158.77476614615,3085199,505741.5597330038,1.453043818473816,0.0,8.8196439743042,0.0,0.0,1.1874935626983645,4.387910842895508,0.0,6.06977128982544,1.4602330265037118,738500.5283976318,97924.1589927037,0.1936249001256705,7.499639511108398,53.68112564086914,0.999175723006412,297.6391396788938,505741.55973300384,109.5260077317698,11.980494865876434,0.0,0.0005880351275474,0.9991757230064122,0.0002163866620357,2.3669440229326507e-05,0.0,505851.0857407357,1.4601795323430578,738633.4018121354,0.999392109668448,1038949.0
ES,Spain,2015,506158.77476614615,3085136,505723.0675816726,1.3965946435928345,0.0,8.390968322753906,0.0,0.0,1.169550895690918,4.311949253082275,0.0,6.008162975311279,1.4038129813824851,709940.6072557239,95202.38757710098,0.1882500397546649,7.417306423187256,55.18058776855469,0.9991391887166732,291.19996744743133,505723.0675816727,127.06572715665315,12.01013062114334,0.0,0.0005753134825766,0.9991391887166734,0.0002510392657232,2.372799054346577e-05,0.0,505850.13330882986,1.403681511827493,710052.4798810772,0.9993902279823976,1087112.0
ES,Spain,2016,506158.77476614615,3085072,505713.3987422901,1.36594557762146,0.0,8.275618553161621,0.0,0.0,1.1392269134521484,4.205223083496094,0.0,6.05852746963501,1.373385209864742,694539.302263092,90581.15998650674,0.1791156022596637,7.628617286682129,56.23105239868164,0.9991200863324718,295.350454809742,505713.3987422899,128.4110572223456,19.76972143741608,0.0,0.0005835134537501,0.9991200863324716,0.0002536971867803,3.905833983921354e-05,0.0,505841.80979951215,1.3732208777081307,694632.5340343554,0.9993737835192515,1122967.0
ES,Spain,2017,506158.77476614615,3085254,505745.4110789696,1.3704094886779783,0.0,8.365166664123535,0.0,0.0,1.1226354837417605,4.195268154144287,0.0,6.1041364669799805,1.3782042063062234,697020.452869106,88758.54053573725,0.1755004367639789,7.810276508331299,60.34952926635742,0.9991833319745024,287.66973621368743,505745.4110789704,112.76275029240942,12.785363552948237,0.0,0.0005683389295119,0.999183331974504,0.0002227813799029,2.525959084450386e-05,0.0,505858.1738292623,1.378026344975292,697085.8903578143,0.999406113354406,1170024.0
ES,Spain,2018,506158.77476614615,3085044,505714.0443853021,1.36235249042511,0.0,8.207876205444336,0.0,0.0,1.1878750324249268,4.187741756439209,0.0,6.024781703948975,1.3702660910826512,692962.8068054463,93906.03671016924,0.1856899917112495,7.337790966033935,54.09526062011719,0.999121361906549,292.0972424800639,505714.04438530223,141.44124383383487,9.913470125914811,0.0,0.0005770861971424,0.9991213619065492,0.0002794404658877,1.9585692514162185e-05,0.0,505855.485629136,1.369993530247018,693018.7425518798,0.9994008023724368,1212276.0
ES,Spain,2019,506158.77476614615,3085468,505788.1101868626,1.3685237169265747,0.0,8.203899383544922,0.0,0.0,1.198906421661377,4.266551494598389,0.0,5.994707584381104,1.3763560897177385,696144.5455625149,93650.3112999486,0.185157202025468,7.3908843994140625,57.807743072509766,0.999267691092672,289.4216857877364,505788.1101868627,81.18388064369655,2.367216169113397,0.0,0.0005718001943588,0.999267691092672,0.0001603921233632,4.676825310807051e-06,0.0,505869.29406750697,1.376237483675906,696196.2843363726,0.9994280832160364,1253710.0
ES,Spain,2020,506158.77476614615,3085385,505774.32756082417,1.341078281402588,0.0,8.18798542022705,0.0,0.0,1.1295764446258545,4.171477794647217,0.0,6.105524063110352,1.3491478974798612,682364.3706279765,85572.61350842314,0.1691912951001496,7.929277420043945,54.0487060546875,0.9992404612455852,298.0801862757809,505774.32756082446,83.43114356945634,5.9990430216698645,0.0,0.0005889064877191,0.999240461245586,0.0001648319612912,1.1852097248420762e-05,0.0,505857.7587043941,1.3490366079359937,682420.6349006802,0.9994052932068772,1129214.0
ES,Spain,2021,506158.77476614615,3085270,505754.4979652963,1.3954248428344729,0.0,8.254027366638184,0.0,0.0,1.296287178993225,4.390304088592529,0.0,5.915063858032227,1.4038092214640514,709982.8280406048,100703.7686455188,0.1991159130579375,7.01389741897583,51.671363830566406,0.999201284614622,292.6369068807728,505754.4979652959,108.4960533985214,5.074543707173824,0.0,0.0005781523930232,0.999201284614621,0.0002143518176656,1.0025596631251426e-05,0.0,505862.9940186943,1.403622141092061,710040.4987637601,0.9994156364322864,1235474.0
ES,Spain,2022,506158.77476614615,3085044,505711.3161410911,1.421866774559021,0.0,8.148170471191406,0.0,0.0,1.4323530197143557,4.467020034790039,0.0,5.73061466217041,1.4300938368885583,723214.6364581756,119861.6636423577,0.2370159808900081,6.002988338470459,53.78070831298828,0.9991159718108972,294.0964835376789,505711.3161410912,143.51846248561645,11.585574229185818,0.0,0.0005810360270323,0.9991159718108974,0.0002835443533541,2.2889209486763413e-05,0.0,505854.83460357686,1.4297977053333342,723270.0817479675,0.9993995161642516,1375863.0
ES,Spain,2023,506158.77476614615,3085340,505762.9406776205,1.4542057514190674,0.0,8.13930606842041,0.0,0.5224255919456482,1.5100356340408323,4.597644329071045,0.5224255919456482,5.597080230712891,1.462824199457043,739842.2688117801,133604.11945002154,0.2641635214929329,5.503790378570557,56.52909851074219,0.9992179645829344,290.14274197746374,505762.9406776201,94.50751464584492,11.981795874594926,0.0,0.0005732247595855,0.9992179645829335,0.0001867151561079,2.367201058626459e-05,0.0,505857.4481922662,1.4626267439473233,739880.6323509561,0.999404679739042,1497761.0
ES,Spain,2024,506158.77476614615,3085351,505766.32084227336,1.39094340801239,0.0,8.033426284790039,0.0,0.0,1.400364875793457,4.49196720123291,0.0,5.775523662567139,1.4005195621072983,708335.6261946401,108165.22710459608,0.2138640369023862,6.506281852722168,52.80821228027344,0.9992246426547596,302.5903382092905,505766.32084227377,89.25807489482068,4.990059111103534,0.0,0.0005978170354728,0.9992246426547604,0.0001763440235449,9.858683401090942e-06,0.0,505855.5789171688,1.4003541075710304,708376.9377743789,0.999400986678306,1594330.0
ES,Spain,2025,506158.77476614615,3084955,505699.96973188594,1.514349102973938,0.0,8.023086547851562,0.0,0.6047747135162354,1.7140450477600098,4.827762603759766,0.6047747135162354,5.29804277420044,1.5236285568516983,770498.915082541,163341.43647416757,0.3230006846960433,4.687968730926514,54.65266799926758,0.9990935551112944,296.1649581708355,505699.9697318861,133.80845394026707,31.517282271307717,0.0,0.0005851226392502,0.9990935551112948,0.0002643606326929,6.226758053511811e-05,0.0,505833.7781858261,1.52337341669,770573.7309521536,0.9993579157439874,1687152.0
FI,Finland,2012,337969.82290811115,2721376,260165.15177666588,0.7745828628540039,0.0,20.807043075561523,0.0,0.0,0.6953647136688232,0.8922116160392761,0.0,26.862255096435547,0.798654692621801,207782.1193230973,55958.3967035007,0.2150879790062628,3.502706527709961,8.33541488647461,0.76978811166641,8978.23753982039,260165.15177666597,68749.05735660448,75.825546476089,0.0,0.0265652047350435,0.7697881116664101,0.2034177393858513,0.0002243559671204,0.0,328914.2091332707,0.6806062968153503,223861.08184814508,0.9732058510522624,200378.0
FI,Finland,2013,337969.82290811115,3104718,293499.7663821381,0.6605815887451172,0.0,18.71268844604492,0.0,0.0,0.7085979580879211,0.8786243200302124,0.0,28.32759666442871,0.6818981697863494,200136.95352870112,55226.4168677263,0.1881651135484082,3.281103134155273,12.951991081237791,0.8684200377911736,8912.689135205394,293499.76638213807,35408.05252281146,147.7641794122071,0.0,0.0263712572279822,0.8684200377911734,0.1047669055720349,0.0004372111632356,0.0,328907.8189049493,0.6293075228737333,206984.1647688761,0.9731869433632075,203497.0
FI,Finland,2014,337969.82290811115,3171925,298218.8447902367,0.5243175625801086,0.0,17.5836124420166,0.0,0.0,0.599139928817749,0.7335523962974548,0.0,33.536190032958984,0.547369243347118,163235.82342468348,49005.08417943559,0.1643259137896035,3.0117528438568115,13.867980003356934,0.8823830548661673,8885.90640628387,298218.8447902369,30863.055150832468,0.465872213719368,0.0,0.0262920113098376,0.882383054866168,0.091318967135192,1.3784432281873623e-06,0.0,329081.8999410695,0.5211723714192003,171508.39418342317,0.9737020220013602,205855.0
FI,Finland,2015,337969.82290811115,3383277,315564.122985256,0.6046844124794006,0.0,22.633941650390625,0.0,0.0,0.7085769176483154,0.8506127595901489,0.0,37.430999755859375,0.6272202039261863,197928.1935706004,62197.19554565869,0.1970984374182635,2.8002967834472656,13.658873558044434,0.9337050280700744,8893.979156077352,315564.1229852561,13509.243660110464,0.9264181233077048,0.0,0.0263158973175409,0.9337050280700746,0.0399717452400577,2.741126753081691e-06,0.0,329073.3666453666,0.6094111804087528,200540.98880843516,0.9736767733101326,210192.0
FI,Finland,2016,337969.82290811115,3329746,310714.3671784795,0.8368724584579468,0.0,24.25928497314453,0.0,0.5546661615371704,0.759315550327301,0.889049768447876,0.5546661615371704,28.9880313873291,0.8661399117517724,269122.11456797604,90372.71443378188,0.2908546368628982,2.6689164638519287,11.851564407348633,0.9193553569513748,8961.625547115773,310714.36717847927,18292.27949397176,0.0,0.0,0.0265160524392507,0.9193553569513744,0.0541240023638002,0.0,0.0,329006.6466724512,0.832078193457013,273759.2561985629,0.9734793593151748,215717.0
FI,Finland,2017,337969.82290811115,2935959,279345.9326910704,0.7249025106430054,0.0,25.5987548828125,0.0,0.0,0.615799605846405,0.8286635279655457,0.0,35.313377380371094,0.7509840637108773,209784.3437134453,37431.54573551436,0.1339971030718748,5.126233577728272,12.933661460876465,0.8265410511725491,8951.544273605534,279345.9326910702,49466.46531524708,204.32993964424367,0.0,0.0264862235230963,0.8265410511725483,0.1463635566323809,0.0006045804264003,0.0,328812.3980063173,0.6792928610547518,223359.91459198509,0.9729046078049294,224706.0
FI,Finland,2018,337969.82290811115,3494637,324685.4049093718,0.5666406750679016,0.0,26.501728057861328,0.0,0.0,0.0,0.6315765976905823,0.0,46.769901275634766,0.607557790992247,197265.14737416123,26355.23317333721,0.0811715980294637,6.929192066192627,16.075803756713867,0.9606934788306494,8760.705444282348,324685.4049093722,4520.375050004959,1.7868159078626635,0.0,0.0259215611882136,0.9606934788306506,0.0133750848259431,5.286909619585982e-06,0.0,329205.77995937713,0.6040679596068856,198862.6637908543,0.9740685636565936,231905.0
FI,Finland,2019,337969.82290811115,3034628,286103.7432401813,0.7776824831962585,0.0,28.15403175354004,0.0,0.0,0.5650110244750977,0.7828503847122192,0.0,36.20247650146485,0.8212545108840504,234963.98971681105,38468.99035217306,0.134458186098875,5.794383525848389,9.453001976013184,0.8465363587149867,8986.977651580017,286103.74324018124,42863.76251051024,13.78881729540062,0.0,0.0265910653627304,0.8465363587149864,0.1268271887166809,4.079896002771108e-05,0.0,328967.5057506916,0.7328150984200059,241072.3551036769,0.9733635474316676,238518.0
FI,Finland,2020,337969.82290811115,3380593,315146.1805960926,0.630426824092865,0.0,37.38288497924805,0.0,0.0,0.0,0.5822523832321167,0.0,59.29773712158203,0.675151211062435,212771.3254911528,21305.184072050703,0.0676041322530147,9.588714599609377,17.624103546142578,0.93246840171815,8872.574260695319,315146.1805960926,13934.171204044836,15.34615873425913,0.0,0.026252563570173,0.93246840171815,0.041229039575623,4.540689047977966e-05,0.0,329080.3518001372,0.6562562885986107,215961.0503230832,0.9736974412937724,236387.0
FI,Finland,2021,337969.82290811115,2877478,273485.3036534074,1.022504448890686,0.0,43.164669036865234,0.0,0.0,0.6441770792007446,0.834170401096344,0.0,42.21465301513672,1.0592793144892316,289697.3249768607,47089.60386727317,0.1721833065185493,5.707034111022949,10.71519947052002,0.8092003638081139,8896.258165851832,273485.30365340743,55342.70227370985,244.0081265979762,0.0,0.0263226405520548,0.8092003638081141,0.163750425400426,0.0007219819938312,0.0,328828.00592711737,0.90870440798071,298807.4584534786,0.9729507892085404,248764.0
FI,Finland,2022,337969.82290811115,3416782,317789.43646917643,0.946637749671936,0.0,38.081661224365234,0.0,0.5810989737510681,0.7808833718299866,0.9479543566703796,0.5810989737510681,40.22833633422852,0.9902468309581858,314689.98237558967,110253.99618780131,0.3469404062412731,2.5918233394622803,13.10482406616211,0.9402893836340488,8926.414310202163,317789.4364691761,11250.40328720844,2.018152979903698,0.0,0.0264118678803732,0.9402893836340476,0.0332881888400647,5.9713999390188245e-06,0.0,329039.83975638513,0.9704377135999231,319312.6697764715,0.9735775724741144,265669.0
FI,Finland,2023,337969.82290811115,2638109,252940.2626318525,1.0745446681976318,0.0,38.081878662109375,0.0,0.5332425236701965,0.7305023074150085,0.984017014503479,0.5332425236701965,35.44001388549805,1.1124636304120858,281386.8428448171,78715.65695254387,0.3112025587919639,3.397724866867065,9.858381271362305,0.7484107913996307,8979.148759792019,252940.26263185256,75993.32942688528,55.5314010371871,0.0,0.0265679008928359,0.7484107913996308,0.2248524107063449,0.0001643087556142,0.0,328933.5920587377,0.938790633799838,308799.7753668797,0.9732632021059754,272735.0
FI,Finland,2024,337969.82290811115,3335772,312061.0460574394,0.985227644443512,0.0,42.051944732666016,0.0,0.6439616680145264,0.8601672053337097,0.9689484238624572,0.6439616680145264,42.682464599609375,1.011761418821265,315731.326717923,123420.3374570934,0.3955006208444743,2.334052562713623,12.474223136901855,0.923339969741275,8961.585701581998,312061.0460574397,16945.640460545434,0.0,0.0,0.0265159345425302,0.923339969741276,0.0501395074706202,0.0,0.0,329006.68651798484,0.9705415276719358,319314.6521474467,0.9734794772118952,276151.0
FI,Finland,2025,337969.82290811115,2872269,273830.6593005103,1.0024213790893557,0.0,43.74380111694336,0.0,0.6338387727737427,0.8737201690673828,0.9721795320510864,0.6338387727737427,43.63813781738281,1.0196013888019817,279198.1205193625,104465.60766646444,0.3814971191805831,2.4931530952453613,14.254188537597656,0.810222217310096,8946.163112069513,273830.6593005102,55191.44980698746,0.0,0.0,0.0264703015052969,0.8102222173100957,0.1633028929390337,0.0,0.0,329022.1091074976,0.871794567564928,286839.6873286714,0.9735251102491292,281783.0
FR,France,2012,638487.3356761816,4117277,635962.2864614526,1.280016303062439,0.0,6.316856861114502,0.0,0.0,1.6130911111831665,5.245467662811279,0.0,4.934981346130371,1.2233972053406987,778034.483959022,145965.34832528737,0.2295188746764384,5.347721099853516,32.873470306396484,0.9960452634318034,1224.475874945364,635962.2864614523,1158.6601885042385,112.81533096437012,0.0,0.0019177762917546,0.9960452634318028,0.001814695646668,0.0001766915718772,0.0,637120.9466499567,1.222468199547374,778860.0965450912,0.9978599590784714,2088286.7
FR,France,2013,638487.3356761816,4117584,636004.7612122234,1.2072831392288208,0.0,6.793604373931885,0.0,0.0,1.4627485275268557,4.959627151489258,0.0,5.62718391418457,1.1546457810852877,734360.2142838495,125102.33325490478,0.1967003093128737,5.893994331359863,34.435298919677734,0.9961117874619564,1226.2522267931058,636004.7612122243,1106.8362887828994,124.59212792774572,0.0,0.0019205584171759,0.9961117874619576,0.0017335289628113,0.0001951364122137,0.0,637111.5975010068,1.1541965718774976,735352.0217390581,0.9978453164247684,2120351.9
FR,France,2014,638487.3356761816,4117357,635962.4679058992,1.2147823572158811,0.0,7.949587821960449,0.0,0.0,1.4964624643325806,4.894189357757568,0.0,6.544043064117432,1.162631529062967,739390.0164880936,141056.62678048658,0.221800238062725,5.256793975830078,37.14052200317383,0.996045547610418,1229.5903495188895,635962.4679058996,1111.8229203050591,153.37065617460348,0.0,0.0019257865909222,0.9960455476104187,0.0017413390339647,0.0002402093943056,0.0,637074.2908262045,1.1618641352984505,740193.7700316616,0.9977868866443832,2153733.1
FR,France,2015,638487.3356761816,4118808,636197.2706066539,1.174572467803955,0.0,8.50627613067627,0.0,0.0,1.414315938949585,4.814015865325928,0.0,7.242019176483154,1.124363779129568,715317.1674512138,123374.13925775634,0.1939243454158666,5.821109294891357,35.832275390625,0.9964132960176846,1223.9762376292542,636197.2706066547,988.3316700635414,62.654440864456056,0.0,0.001916993758902,0.996413296017686,0.0015479268183398,9.812949664554066e-05,0.0,637185.6022767177,1.148740276719801,731960.7650812297,0.9979612228360248,2201401.6
FR,France,2016,638487.3356761816,4118884,636210.4782672876,1.1429578065872192,0.0,8.470077514648438,0.0,0.0,1.329723596572876,4.5799479484558105,0.0,7.410665035247803,1.0940640812126237,696055.0323633439,121954.58832709237,0.1916890596634534,5.728759765625,37.39127731323242,0.9964339818792448,1229.272295163983,636210.478267287,943.886898015286,84.80423624771498,0.0,0.0019252884536263,0.9964339818792438,0.0014783173373606,0.0001328205455444,0.0,637154.3651653036,1.0935000409517792,696728.3244008643,0.9979122992166064,2231819.2
FR,France,2017,638487.3356761816,4116081,635797.3276182624,1.1016565561294556,0.0,8.505030632019043,0.0,0.0,1.3129398822784424,4.369702339172363,0.0,7.720219612121582,1.054570235433341,670492.93747428,122763.36885081993,0.1930856949504638,5.474522113800049,34.59843826293945,0.9957869045983968,1225.5065813552883,635797.3276182624,1330.363370704078,116.8407056046878,0.0,0.0019193905859658,0.9957869045983968,0.0020836174758191,0.0001829961207937,0.0,637127.6909889665,1.0852756817140186,691459.1891769292,0.997870522074216,2291680.5
FR,France,2018,638487.3356761816,4117162,635957.1039991992,1.08830463886261,0.0,7.675948619842529,0.0,0.0,1.2358338832855225,4.272998809814453,0.0,7.053124904632568,1.0407557667723295,661876.0234069967,116520.8287188459,0.183221207823779,5.704693794250488,37.402931213378906,0.9960371466502108,1231.1770313497384,635957.1039991996,1171.788377771718,105.77867368701672,0.0,0.0019282716548259,0.9960371466502111,0.0018352570400331,0.0001656707467423,0.0,637128.8923769714,1.0633648204826494,677500.4502667474,0.9978724036902448,2355362.8
FR,France,2019,638487.3356761816,4118287,636129.0452799619,1.0414594411849976,0.0,6.4370951652526855,0.0,0.0,1.1612433195114136,4.024147033691406,0.0,6.180840969085693,0.9962056599541852,633715.3553691502,114137.28234601062,0.1794247302381524,5.569565773010254,38.06921005249024,0.996306441389754,1223.6089649429432,636129.045279962,1017.8028930666316,94.59332135702252,0.0,0.0019164185357679,0.9963064413897544,0.0015940847001902,0.0001481522280419,0.0,637146.8481730286,0.9956328118086828,634364.3079815523,0.9979005260899444,2432206.8
FR,France,2020,638487.3356761816,4117731,636067.8094842049,0.9881500601768494,0.0,5.444919586181641,0.0,0.0,1.0939295291900637,3.914058208465576,0.0,5.5102152824401855,0.9452667220486956,601253.7332718285,106425.77491860984,0.1673182848302161,5.666914939880371,36.7561149597168,0.9962105337775974,1226.9201358127832,636067.8094842053,1118.1811625794346,55.33215184012103,0.0,0.0019216044974696,0.996210533777598,0.0017512973243161,8.666131456080056e-05,0.0,637185.9906467849,0.9446281954837276,601903.8525321838,0.9979618311019144,2318276.2
FR,France,2021,638487.3356761816,4118844,636214.033204874,0.9991065263748168,0.0,5.747987270355225,0.0,0.0,1.1135530471801758,3.825857162475586,0.0,5.753127574920654,0.955062461086788,607624.1403305985,112582.64051974293,0.1769571789427804,5.422229766845703,39.23131942749024,0.9964395496288112,1227.0642406377674,636214.0332048737,963.1541111505128,65.98608245437717,0.0,0.0019218301947027,0.9964395496288108,0.001508493680819,0.0001033475196254,0.0,637177.1873160243,0.9552811619730904,608683.3638819973,0.99794804330963,2508102.3
FR,France,2022,638487.3356761816,4120748,636466.4851461905,0.954915165901184,0.0,5.143034934997559,0.0,0.0,1.128211498260498,3.4986119270324707,0.0,5.385855197906494,0.9142033540476338,581859.7954595558,131361.84445197808,0.206392398527953,4.440211296081543,34.62310791015625,0.9968349403080158,1227.613751807099,636466.48514619,690.717084789019,82.02937170107793,0.0,0.0019226908400728,0.996834940308015,0.001081802325895,0.0001284745477593,0.0,637157.2022309796,0.9184438733119132,585193.1287256029,0.9979167426339108,2653997.2
FR,France,2023,638487.3356761816,4119879,636348.7195046189,0.7126689553260803,0.0,4.249553203582764,0.0,0.0,0.8475083708763123,2.2366397380828857,0.0,5.962871074676514,0.6840080274459149,435267.63239608816,120857.26787545304,0.1899230157476192,3.601409435272217,35.50946044921875,0.9966504955508666,1229.2515713068142,636348.7195046182,804.2922049884885,89.1849743689655,0.0,0.0019252559958843,0.9966504955508656,0.0012596838810228,0.0001396816653763,0.0,637153.0117096058,0.68400616812455,435816.590048504,0.997910179431887,2833826.4
FR,France,2024,638487.3356761816,4118543,636188.932393335,0.6387432813644409,0.0,3.960708141326904,0.0,0.0,0.7709127068519592,2.0445361137390137,0.0,6.200782299041748,0.6129244639537927,389935.76036052057,101576.90540621894,0.1596646848666289,3.835429191589356,31.071033477783203,0.996400236693164,1228.348614716841,636188.9323933346,1022.1486723608872,32.43136455350984,0.0,0.0019238417836682,0.9964002366931634,0.0016008910674452,5.0794060808056326e-05,0.0,637211.0810656956,0.6129485791458035,390577.6267551795,0.9980011277606088,2935236.2
FR,France,2025,638487.3356761816,4119778,636331.3363003891,0.6631371378898621,0.0,4.048752307891846,0.0,0.0,0.7837074995040894,2.1181640625,0.0,6.105452537536621,0.6362463588917276,404863.49576983,101010.4380800876,0.158738745552528,4.026401519775391,37.8772087097168,0.9966232699455048,1225.986631234017,636331.33630039,822.122071076275,90.60643317357146,0.0,0.0019201424409391,0.996623269945506,0.0012876090489807,0.0001419079566826,0.0,637153.4583714657,0.6362166097647192,405367.61318496,0.9979108789944858,2991055.9
HR,Croatia,2012,56449.08572682732,370422,56302.2463937602,1.030901551246643,0.0,5.340089797973633,0.0,0.0,1.5760810375213623,4.109027862548828,0.0,5.180019378662109,1.0294095278291944,57958.06887592365,13988.544847444702,0.2484544710634318,4.147590160369873,37.80622100830078,0.9973987296485596,114.51565236201644,56302.2463937602,31.74395799605609,0.0,0.0,0.0020286538016964,0.9973987296485596,0.00056234671629,0.0,0.0,56333.99035175628,1.0292344732015124,57980.88488302896,0.99796107636485,44867.7
HR,Croatia,2013,56449.08572682732,370420,56302.02183761051,1.0176430940628052,0.0,5.318607807159424,0.0,0.0,1.5447790622711182,4.140732288360596,0.0,5.22639799118042,1.0158331078128684,57193.457819447874,12852.487645338466,0.2282775507140461,4.453525543212891,40.39690780639648,0.99739475161868,113.4145618572166,56302.02183761051,33.069604650548456,0.0,0.0,0.0020091478966738,0.99739475161868,0.0005858306511921,0.0,0.0,56335.09144226104,1.015649494724695,57216.70715860192,0.997980582269872,44799.3
HR,Croatia,2014,56449.08572682732,370458,56307.835250141536,0.9765564799308776,0.0,5.094547271728516,0.0,0.0,1.4774000644683838,3.989748477935791,0.0,5.216848373413086,0.9750125675977916,54900.847023113936,12866.149892387384,0.2284966174819346,4.271834373474121,29.420822143554688,0.9974977366795748,113.55870131772494,56307.835250141536,27.112052659034493,0.0,0.0,0.0020117013385702,0.9974977366795748,0.0004802921484014,0.0,0.0,56334.94730280055,0.9748850557030424,54920.09823931867,0.9979780288279758,44280.7
HR,Croatia,2015,56449.08572682732,370497,56313.88071950564,1.0109708309173584,0.0,5.302173137664795,0.0,0.0,1.5514624118804932,4.1029953956604,0.0,5.244635105133057,1.0091106827902776,56826.93862343059,12916.772486180582,0.2293710240023744,4.405000686645508,38.96190643310547,0.997604832645546,114.02949063432574,56313.88071950564,20.59579397833347,0.0,0.0,0.0020200414083966,0.997604832645546,0.0003648561126038,0.0,0.0,56334.476513483954,1.0090151582221083,56842.34073261266,0.9979696887581494,45487.5
HR,Croatia,2016,56449.08572682732,370460,56308.1925934752,0.9975376129150392,0.0,5.209772109985352,0.0,0.0,1.5579530000686646,4.11676025390625,0.0,5.22263240814209,0.9959023889364922,56077.46352053805,12616.918759181888,0.2240689707494517,4.449434280395508,41.17093276977539,0.9975040670448776,113.4230754875872,56308.1925934752,26.8903351555028,0.0,0.0,0.0020092987163064,0.9975040670448776,0.0004763644053622,0.0,0.0,56335.08292863068,0.9957771890717,56097.190524792975,0.9979804314502396,47573.5
HR,Croatia,2017,56449.08572682732,370427,56303.095440506455,1.03878653049469,0.0,5.363114833831787,0.0,0.0,1.664868950843811,4.304161071777344,0.0,5.162865161895752,1.0371679471572082,58395.76591662645,13014.153881952954,0.2311445539562663,4.4918532371521,39.17240524291992,0.9974137705785466,113.55734389661288,56303.095440506455,31.853219715213537,0.0,0.0,0.0020116772917483,0.9974137705785466,0.0005642822962511,0.0,0.0,56334.94866022167,1.0369933698437868,58418.96825113999,0.997978052874798,50204.3
HR,Croatia,2018,56449.08572682732,370367,56293.76892053323,1.019504427909851,0.0,5.145079612731934,0.0,0.0,1.6703156232833862,4.195353984832764,0.0,5.046647548675537,1.0182593812797822,57321.6583109292,13766.080497379737,0.2445400398898951,4.168036937713623,39.10421371459961,0.997248550542595,113.2528379072516,56293.76892053323,41.48424567780423,0.0,0.0,0.0020062829441616,0.997248550542595,0.0007348966797896,0.0,0.0,56335.25316621104,1.018032089347078,57351.095484694415,0.9979834472223847,53035.3
HR,Croatia,2019,56449.08572682732,370398,56298.50869849339,1.0016552209854126,0.0,5.195120811462402,0.0,0.0,1.6209405660629272,4.096147060394287,0.0,5.186535835266113,1.0006077083077545,56332.72176994365,13052.080740451383,0.2318370600250139,4.319758892059326,42.06049728393555,0.9973325160824992,113.88324338374376,56298.50869849339,36.11406224115444,0.0,0.0,0.0020174506268331,0.9973325160824992,0.0006397634572138,0.0,0.0,56334.62276073454,1.0004303567455797,56358.866745649306,0.9979722795397132,55767.8
HR,Croatia,2020,56449.08572682732,370405,56299.68791239139,0.9814345240592957,0.0,5.137612342834473,0.0,0.0,1.583643913269043,4.036611557006836,0.0,5.234798908233643,0.9802692132478276,55188.85077597813,12343.003628681883,0.2192375142094744,4.472652912139893,44.008338928222656,0.997353405949586,114.02217167203378,56299.68791239139,34.795920054847954,0.0,0.0,0.0020199117524031,0.997353405949586,0.0006164124645567,0.0,0.0,56334.48383244624,0.9801198109110252,55214.54364162742,0.9979698184141428,50717.8
HR,Croatia,2021,56449.08572682732,370360,56292.80201562307,1.0279797315597534,0.0,5.120596885681152,0.0,0.5211749076843262,1.7523466348648071,4.137845039367676,0.5211749076843262,4.981223583221436,1.0271471568424102,57820.99154103994,14582.9069062814,0.2590545573168337,3.966273069381714,41.85880279541016,0.9972314217459508,113.11324415365075,56292.80201562307,42.59074434156322,0.0,0.0,0.0020038100298211,0.9972314217459508,0.0007544983907741,0.0,0.0,56335.39275996462,1.026923387182873,57852.13235134036,0.9979859201367248,58390.4
HR,Croatia,2022,56449.08572682732,370419,56301.83887953307,1.0640743970870972,0.0,5.0002217292785645,0.0,0.6147900819778442,1.822317123413086,4.174209117889404,0.6147900819778442,4.699128150939941,1.063468306218038,59875.22123017792,17623.045205607643,0.313010117543674,3.397727727890014,38.42098617553711,0.9973915105019272,112.78572951881576,56301.83887953307,33.881395066404345,0.0,0.0,0.0019980080822675,0.9973915105019272,0.0006002115823516,0.0,0.0,56335.72027459947,1.0632918562181948,59901.31258216786,0.9979917220842788,67609.4
HR,Croatia,2023,56449.08572682732,370392,56297.60773849008,1.044521689414978,0.0,4.837366580963135,0.0,0.6481677889823914,1.7541608810424805,4.00080156326294,0.6481677889823914,4.631178855895996,1.044075334106762,58778.94360897547,19421.017370554466,0.3449705618179673,3.027557134628296,41.23483276367188,0.9973165555050744,113.57422374867724,56297.60773849008,37.32404187954426,0.0,0.0,0.0020119763196572,0.9973165555050744,0.0006611983418148,0.0,0.0,56334.9317803696,1.0439048426068307,58808.30809345328,0.9979777538468888,79186.3
HR,Croatia,2024,56449.08572682732,370355,56291.98688999115,1.0186944007873535,0.0,4.764366626739502,0.0,0.619663655757904,1.7505168914794922,3.945610284805298,0.619663655757904,4.676934242248535,1.0176170553682151,57283.68593981896,17737.062328917982,0.3150903584835388,3.2289347648620605,37.740814208984375,0.997216981731176,115.26861517466068,56291.98688999115,41.25049895247006,0.0,0.0,0.0020419925972313,0.997216981731176,0.0007307558381386,0.0,0.0,56333.23738894362,1.017450624534451,57316.28756342817,0.9979477375693148,85905.2
HR,Croatia,2025,56449.08572682732,370356,56291.88650725971,1.1014306545257568,0.0,4.944915294647217,0.0,0.6909494400024414,1.89344322681427,4.169228076934815,0.6909494400024414,4.489538669586182,1.1009557598258737,61974.87668163195,20559.141367677857,0.3652238829307388,3.01594352722168,40.113616943359375,0.9972152034431816,112.80203137423516,56291.88650725971,43.81746548433137,0.0,0.0,0.0019982968709203,0.9972152034431816,0.0007762298524439,0.0,0.0,56335.70397274405,1.1007096696002958,62009.25410653917,0.997991433295626,92975.1
HU,Hungary,2012,93030.5664036969,632030,92484.25381542688,0.6706761121749878,0.0,3.516520500183105,0.0,0.0,0.9567402601242064,2.5725419521331787,0.0,5.243247032165527,0.6689423555382374,61866.63459748788,18316.515941346264,0.1980501024304201,3.3795557022094727,36.0473861694336,0.9941276011811068,525.2046215370746,92484.25381542688,26.48958885474706,0.0,0.0,0.0056455060077566,0.9941276011811068,0.000284740702747,0.0,0.0,92510.7434042816,0.6690249349740454,61891.99409045009,0.994412341883854,99979.9
HU,Hungary,2013,93030.5664036969,632038,92485.4221897399,0.6379688382148743,0.0,3.452260255813598,0.0,0.0,0.885565996170044,2.472953081130981,0.0,5.411330699920654,0.6363112833897259,58849.51768839402,15736.966109530022,0.1701561796111457,3.7420475482940674,33.564449310302734,0.9941401602179718,525.6453016669843,92485.42218973993,24.88053441178441,0.0,0.0,0.0056502429468826,0.994140160217972,0.0002674447267559,0.0,0.0,92510.30272415164,0.6363330045501115,58867.35888429979,0.9944076049447276,102210.9
HU,Hungary,2014,93030.5664036969,632024,92483.33844127646,0.6278634071350098,0.0,3.35542893409729,0.0,0.0,0.8926191926002502,2.3879714012146,0.0,5.344202041625977,0.6261313485177976,57906.7174136643,17233.13768492258,0.1863377552689125,3.3612406253814697,28.73369598388672,0.9941177616822648,527.2581568742552,92483.33844127646,25.35142766797328,0.0,0.0,0.0056675797778793,0.9941177616822648,0.0002725064314664,0.0,0.0,92508.6898689444,0.6261950334344508,57928.48214546088,0.9943902681137308,106335.3
HU,Hungary,2015,93030.5664036969,632063,92489.0145177148,0.624424159526825,0.0,3.4208314418792725,0.0,0.0,0.8604296445846558,2.410492420196533,0.0,5.478377819061279,0.6227286587390316,57595.55995871137,15718.29131758147,0.1699476570222389,3.6673390865325928,36.25753021240234,0.994178774709034,525.5025390671688,92489.01451771482,21.4309690366745,0.0,0.0,0.0056487083695352,0.9941787747090342,0.0002303648130408,0.0,0.0,92510.4454867515,0.6227451270529787,57610.42912837472,0.9944091395220752,112854.0
HU,Hungary,2016,93030.5664036969,632015,92481.99808019464,0.6294316649436951,0.0,3.4827136993408203,0.0,0.0,0.8967812657356262,2.428939819335937,0.0,5.533108711242676,0.6276376160380273,58045.18080148677,16151.572298478804,0.1746455811267525,3.596479654312134,39.4526252746582,0.9941033539329236,527.5626610487305,92481.99808019464,26.387284575299265,0.0,0.0,0.0056708529405209,0.9941033539329236,0.0002836410181659,0.0,0.0,92508.38536476994,0.6276637328727324,58064.15848008075,0.9943869949510896,116593.5
HU,Hungary,2017,93030.5664036969,632031,92484.32976407513,0.6352928876876831,0.0,3.617110967636109,0.0,0.0,0.8717334270477295,2.432404041290283,0.0,5.6936116218566895,0.6334857897197066,58587.50867729289,15081.622824583194,0.163072196804107,3.887617111206055,35.76975631713867,0.9941284175649168,527.2674387328184,92484.32976407513,24.350823010712148,0.0,0.0,0.0056676795500179,0.9941284175649168,0.0002617507766753,0.0,0.0,92508.6805870859,0.633502181768893,58604.45098448055,0.9943901683415928,127222.5
HU,Hungary,2018,93030.5664036969,631992,92478.62362081769,0.6582025289535522,0.0,3.640059232711792,0.0,0.0,0.9308623671531676,2.485051155090332,0.0,5.53030252456665,0.6563917037032558,60702.201314600665,16672.337693232294,0.1802831512890209,3.6437270641326895,35.81535720825195,0.9940670813452416,526.2354795596711,92478.62362081769,31.08892544134331,0.0,0.0,0.0056565868606681,0.9940670813452416,0.0003341796857006,0.0,0.0,92509.712546259,0.6564097194005134,60724.27445431203,0.9944012610309424,136580.0
HU,Hungary,2019,93030.5664036969,632057,92488.19098500822,0.6554980278015137,0.0,3.989178895950317,0.0,0.0,0.8963068127632141,2.4633376598358154,0.0,6.085721969604492,0.6538019683198438,60468.961312340005,15700.939763302238,0.1697615619473762,3.852811098098755,40.95774459838867,0.9941699224281286,524.6204112786346,92488.19098500824,23.13662953179884,0.0,0.0,0.005639226240998,0.9941699224281288,0.0002486992224834,0.0,0.0,92511.32761454006,0.6538248768200039,60486.20738203168,0.9944186216506128,147373.2
HU,Hungary,2020,93030.5664036969,632051,92487.26757297204,0.6655915975570679,0.0,4.373386383056641,0.0,0.0,0.8724801540374756,2.5544018745422363,0.0,6.570675373077393,0.6638868551563119,61401.08121102076,14541.785504558064,0.1572301343326492,4.224748611450195,39.65757751464844,0.9941599965288048,525.2117276066236,92487.267572972,23.46872524005652,0.0,0.0,0.0056455823920013,0.9941599965288042,0.0002522689708048,0.0,0.0,92510.73629821208,0.6638956493706294,61417.47534845655,0.9944122654996091,138954.5
HU,Hungary,2021,93030.5664036969,632001,92479.9712588139,0.7220862507820129,0.0,4.498697757720947,0.0,0.0,1.0113201141357422,2.789780616760254,0.0,6.230139255523682,0.7201851025764416,66602.69758729526,17137.582684612942,0.1853112890428113,3.88893985748291,37.96385192871094,0.9940815673152656,525.6479097067468,92479.97125881392,30.32885729801393,0.0,0.0,0.0056502709811068,0.994081567315266,0.0003260095952378,0.0,0.0,92510.30011611196,0.7201926015231617,66625.2337083111,0.9944075769105036,154971.7
HU,Hungary,2022,93030.5664036969,632043,92486.07972514688,0.7726600766181946,0.0,4.207729339599609,0.0,0.0,1.1641067266464231,2.9409658908843994,0.0,5.445770263671875,0.7705917862839855,71269.01338180403,21435.200737913736,0.2317667783261606,3.327322244644165,34.732078552246094,0.9941472281681348,525.3492541437816,92486.07972514688,24.51904652800941,0.0,0.0,0.0056470606860983,0.9941472281681348,0.0002635590373771,0.0,0.0,92510.59877167486,0.7705903047062421,71287.77049602184,0.9944107872055118,168546.2
HU,Hungary,2023,93030.5664036969,632057,92488.16893485356,0.759876012802124,0.0,3.833348035812378,0.0,0.519073486328125,1.2124972343444824,2.8556008338928223,0.519073486328125,5.044702053070068,0.7575679969607872,70066.07688254792,24363.53078108327,0.2634232146842949,2.877491235733032,38.24822616577149,0.9941696854075932,526.9661119997279,92488.16893485354,20.812978965403083,0.0,0.0,0.005664440542187,0.9941696854075932,0.0002237219418302,0.0,0.0,92508.981913819,0.7575770954880671,70082.68582482912,0.9943934073494238,196983.7
HU,Hungary,2024,93030.5664036969,631909,92466.47331218298,0.798919141292572,0.0,4.080663681030273,0.0,0.5133892893791199,1.2842530012130735,3.0477797985076904,0.5133892893791199,5.107730388641357,0.7965484238645798,73654.02357713558,23912.58594093556,0.2586081753134727,3.0829615592956543,34.601417541503906,0.9939364757915576,527.5548314076237,92466.47331218296,41.9198822281065,0.0,0.0,0.0056707687784932,0.9939364757915576,0.0004506033215599,0.0,0.0,92508.393194411,0.796540387233621,73686.67133743622,0.9943870791131167,206156.2
HU,Hungary,2025,93030.5664036969,631991,92478.51368330052,0.829351007938385,0.0,4.162698268890381,0.0,0.5180596113204956,1.3232253789901731,3.162917137145996,0.5180596113204956,5.019223690032959,0.8270040157500395,76480.1021866845,24126.742506412214,0.2608902494803931,3.1734275817871094,37.60924530029297,0.9940658996098034,525.9422078550017,92478.51368330052,31.492134663155323,0.0,0.0,0.0056534344375882,0.9940658996098036,0.0003385138442186,0.0,0.0,92510.00581796368,0.8269934440154432,76505.16831728647,0.9944044134540224,218833.9
IE,Ireland,2012,69857.16003224441,525285,67851.47616985736,0.5154257416725159,0.0,3.6438629627227774,0.0,0.0,0.5496671795845032,0.830513060092926,0.0,7.069617748260498,0.5161143860597026,35019.12296665047,8172.607016159089,0.1204484777265571,4.281169414520264,25.60220718383789,0.971288786124983,448.1789966969957,67851.47616985736,1555.8812588169262,0.0,0.0,0.0064156486821125,0.971288786124983,0.0222723233824387,0.0,0.0,69407.35742867432,0.5157061167236855,35793.798771594484,0.9935611095074224,176519.0
IE,Ireland,2013,69857.16003224441,525094,67826.33100153453,0.4989458620548248,0.0,3.608548641204834,0.0,0.0,0.5428724884986877,0.8149071931838989,0.0,7.232345104217529,0.4994155181729811,33873.5222429035,7892.970449065002,0.1163702994473699,4.280449867248535,28.31749725341797,0.970928834928696,451.783400500463,67826.3310015345,1577.4220233362978,0.0,0.0,0.0064672454518896,0.9709288349286956,0.0225806778089489,0.0,0.0,69403.75302487084,0.4976944486798148,34541.86259802312,0.993509512737645,182697.2
IE,Ireland,2014,69857.16003224441,525612,67892.3289385617,0.5037084221839905,0.0,3.5312068462371826,0.0,0.0,0.5775532126426697,0.8512319326400757,0.0,7.01041841506958,0.5044241223773942,34246.528440991344,9165.453219116693,0.1349998352157112,3.73647141456604,26.592723846435547,0.9718735904411832,449.9575473518333,67892.3289385617,1513.249939457779,0.0,0.0,0.0064411085011778,0.9718735904411832,0.0216620592471737,0.0,0.0,69405.57887801947,0.5039518618632636,34977.070699275515,0.9935356496883568,200397.6
IE,Ireland,2015,69857.16003224441,524879,67798.62691709479,0.5161902904510498,0.0,3.706698656082153,0.0,0.0,0.5747697949409485,0.8508323431015015,0.0,7.1808762550354,0.516726090727095,35033.31944353518,8901.340800953712,0.1312908713009543,3.93164324760437,25.20070457458496,0.9705322530403548,450.7783546249032,67798.62691709482,1606.1311536515875,0.0,0.0,0.006452858295654,0.9705322530403552,0.0229916468535256,0.0,0.0,69404.7580707464,0.5151799617010521,35755.94060475791,0.9935238998938806,272125.4
IE,Ireland,2016,69857.16003224441,525843,67922.01405008824,0.5033740401268005,0.0,3.7615253925323486,0.0,0.0,0.5274276733398438,0.8189415335655212,0.0,7.472624778747559,0.50406229460584,34236.92625633758,7431.918927829295,0.1094184121564581,4.59740686416626,29.69095802307129,0.9722985305835083,450.9935900876264,67922.01405008827,1482.5287851954183,0.0,0.0,0.00645593937514,0.9722985305835088,0.0212222882308859,0.0,0.0,69404.54283528366,0.5025317141750575,34877.9838825513,0.9935208188143944,275805.5
IE,Ireland,2017,69857.16003224441,523775,67655.94828458938,0.4832874834537506,0.0,3.5184786319732666,0.0,0.0,0.5499038696289062,0.8330802917480469,0.0,7.280301570892334,0.4838350374821973,32734.318274167905,7983.411782125266,0.1180001461001429,4.092639446258545,27.523250579833984,0.9684898191303654,449.1157557011824,67655.94828458942,1750.4723850806974,0.0,0.0,0.0064290583169124,0.968489819130366,0.0250578807422563,0.0,0.0,69406.42066967013,0.4814099006280297,33412.93807753312,0.9935476998726224,308232.9
IE,Ireland,2018,69857.16003224441,524468,67742.75920440722,0.4834540784358978,0.0,3.5329625606536865,0.0,0.0,0.544952929019928,0.8213867545127869,0.0,7.3077521324157715,0.4840662165479307,32791.98114659492,7911.060168266748,0.1167808967508378,4.140842437744141,26.270099639892575,0.9697325109285686,451.6631482467789,67742.75920440722,1661.11407271729,0.0,0.0,0.0064655240499084,0.9697325109285686,0.0237787232110575,0.0,0.0,69403.87327712451,0.4828981558594171,33515.00241502411,0.9935112341396262,334940.2
IE,Ireland,2019,69857.16003224441,525437,67868.07598837973,0.4793175160884857,0.0,3.564160108566284,0.0,0.0,0.5445911288261414,0.8459861278533936,0.0,7.435906410217285,0.4800311069019582,32578.787640008133,7824.714936611761,0.1152930125491033,4.160078525543213,31.63983917236328,0.971526411280582,448.56278677566144,67868.07598837977,1538.897650215892,0.0,0.0,0.0064211426082682,0.9715264112805828,0.022029204300684,0.0,0.0,69406.97363859565,0.4796645070844591,33292.06179858103,0.9935556155812666,363591.0
IE,Ireland,2020,69857.16003224441,525736,67908.97994165988,0.460859477519989,0.0,3.4780163764953613,0.0,0.0,0.5037444829940796,0.8128950595855713,0.0,7.546804428100586,0.4615398388866626,31342.69966123131,6869.469667357756,0.1011570144811373,4.555273532867432,30.36928939819336,0.9721119483001414,449.5952078544688,67908.97994165994,1496.9612758569087,0.0,0.0,0.0064359216384826,0.9721119483001422,0.0214288882509101,0.0,0.0,69405.94121751684,0.4599591807764722,31923.899863429036,0.9935408365510522,380700.9
IE,Ireland,2021,69857.16003224441,526633,68024.57941674706,0.4798049926757812,0.0,3.658087968826294,0.0,0.0,0.5186094045639038,0.819040834903717,0.0,7.624114036560059,0.4805570714202102,32689.69266910348,7216.021965465671,0.1060796263253213,4.52622652053833,24.72362899780273,0.973766746105174,449.9955876620082,68024.57941674703,1380.9614209622118,0.0,0.0,0.0064416530453614,0.9737667461051736,0.0197683590389989,0.0,0.0,69405.54083770928,0.4795033832676455,33280.19164920234,0.9935351051441732,448469.2
IE,Ireland,2022,69857.16003224441,525251,67849.41072466823,0.5544213056564331,0.0,3.742699146270752,0.0,0.0,0.6573552489280701,0.9756910800933838,0.0,6.750640869140625,0.5552060243744796,37670.40158459423,12044.44249279429,0.1775172748613902,3.1186180114746094,26.907827377319336,0.9712592194322034,444.7237636705332,67849.41072466821,1561.401937032548,0.0,0.0,0.0063661872808064,0.9712592194322032,0.0223513514765249,0.0,0.0,69410.81266170077,0.5557644701587355,38576.06352221738,0.9936105709087284,523248.2
IE,Ireland,2023,69857.16003224441,523360,67598.16213080223,0.5670826435089111,0.0,3.554267168045044,0.0,0.0,0.7055644392967224,0.9914228916168212,0.0,6.267635345458984,0.5680374665955442,38398.28876329575,15328.686836756622,0.2267618875065813,2.505791664123535,26.53144645690918,0.9676626146783024,448.65012169101954,67598.16213080221,1808.7241728780543,0.0,0.0,0.0064223928010233,0.9676626146783022,0.025891750710209,0.0,0.0,69406.88630368025,0.5705586185502979,39600.69716730539,0.9935543653885108,520792.2
IE,Ireland,2024,69857.16003224441,522407,67480.33656213433,0.534625768661499,0.0,3.7030491828918457,0.0,0.0,0.6630444526672363,0.9363430738449096,0.0,6.926432132720947,0.5352554815891111,36119.22004436051,12453.552396811385,0.1845508340840067,2.895540237426758,24.96800994873047,0.965975950510828,447.2853434570193,67480.33656213433,1927.9145197799648,0.0,0.0,0.0064028561030904,0.965975950510828,0.0275979515756163,0.0,0.0,69408.25108191428,0.5349218013118249,37127.98669464101,0.9935739020864442,561940.5
IE,Ireland,2025,69857.16003224441,520634,67250.16838673042,0.5689864158630371,0.0,4.1282219886779785,0.0,0.0,0.6622639894485474,0.9538164138793944,0.0,7.255396366119385,0.5698766866783829,38324.303138793264,12049.21517363842,0.179170037230954,3.17997407913208,29.99860000610352,0.9626811103641966,446.89709663684704,67250.16838673042,2158.4709420040226,0.0,0.0,0.0063972983790146,0.9626811103641966,0.0308983494463233,0.0,0.0,69408.63932873445,0.5670519718588026,39358.30579539531,0.99357945981052,602440.9
IS,Iceland,2012,102596.88965725468,985001,90105.0868721011,0.4588097631931305,0.0,4.521242141723633,0.0,0.6622164249420166,0.809225857257843,0.8817995190620422,0.6622164249420166,9.85428524017334,0.4555515501309923,41047.51199927339,44289.61243862354,0.4915328754023627,0.9197906255722046,9.849706649780272,0.878243845141067,812.5764753469128,90105.08687210112,10556.083249206147,1128.397138346199,0.0,0.0079200887869163,0.8782438451410671,0.1028889207506274,0.0109983562086125,0.0,100661.17012130728,0.4270215571439775,42984.48960913545,0.9811327658916946,11629.5
IS,Iceland,2013,102596.88965725468,1058318,96686.8509812182,0.2770979702472687,0.0,4.713783264160156,0.0,0.500032365322113,0.6088761687278748,0.7033935785293579,0.500032365322113,17.01125144958496,0.2775098082814349,26831.54947913353,23856.035154614023,0.2467350514833517,1.108096480369568,11.171357154846191,0.9423955375666832,805.6398761336355,96686.85098121816,3774.703972038953,1334.948905609618,0.0,0.0078524785578299,0.9423955375666828,0.0367916024028516,0.0130115923598588,0.0,100461.55495325712,0.2724313121975651,27368.87324132364,0.9791871399695348,12222.7
IS,Iceland,2014,102596.88965725468,886235,81188.84476970363,1.7547430992126465,0.6176820993423462,153.4639434814453,0.0,0.7628723382949829,0.8738843202590942,0.930543065071106,0.7628723382949829,87.4566421508789,1.754134249996115,142416.1333281551,54851.75595697465,0.675607050606084,2.5721683502197266,9.384013175964355,0.7913382661105139,818.6642736657413,81188.8447697036,19155.0992928509,1439.535398780116,0.0,0.0079794258519985,0.7913382661105137,0.1867025341298583,0.0140309847948526,0.0,100343.94406255455,2.694972877217569,270424.20764162147,0.9780408002403724,13611.7
IS,Iceland,2015,102596.88965725468,813793,74651.82885700527,0.8767633438110352,0.6756540536880493,23.01812171936035,0.5398306250572205,0.8149120211601257,0.9188519716262816,0.960016429424286,0.2750813961029053,26.253517150878903,0.8784410465640989,65577.23066907171,60192.55264791232,0.8063104892341012,1.0827137231826782,9.893163681030272,0.727622729172342,812.8325924268518,74651.82885700525,25770.747857264923,1366.734428303351,0.0,0.0079225851304292,0.7276227291723418,0.2511844944165192,0.0133214021679331,0.0,100422.57671427024,0.6789890344626737,68185.82840147613,0.9788072235888616,15960.5
IS,Iceland,2016,102596.88965725468,1027711,93851.6066623096,0.473213791847229,0.5077173709869385,4.810012340545654,0.0,0.6122236251831055,0.7366902828216553,0.8270270824432373,0.6122236251831055,10.164565086364746,0.4749969605687055,44579.22790908674,48784.34123187554,0.5198029417589834,0.9070574641227722,10.905780792236328,0.9147607395881064,810.0412741675534,93851.60666230958,6727.058128259827,1213.437670263433,0.0,0.0078953784746658,0.914760739588106,0.0655678564012311,0.0118272364232206,0.0,100578.6647905694,0.4534582423841398,45608.22455727517,0.980328595989337,19067.0
IS,Iceland,2017,102596.88965725468,1069799,97737.05996873084,0.3500911891460418,0.0,4.513247489929199,0.0,0.5685527324676514,0.7253149747848511,0.8151776194572449,0.5685527324676514,12.891633987426758,0.3490719659985244,34117.26767420056,33004.45344297444,0.3376861699495933,1.021715521812439,11.220441818237305,0.9526318029254196,807.5459083817225,97737.05996873091,3286.072233947781,771.4656239399643,0.0,0.007871056433382,0.9526318029254204,0.032028965448422,0.0075193860799991,0.0,101023.1322026787,0.3415478082320461,34504.22938456115,0.9846607683738424,22211.8
IS,Iceland,2018,102596.88965725468,1041885,95205.19468381532,0.1761363893747329,0.0,4.4143548011779785,0.0,0.0,0.503617525100708,0.6026008725166321,0.0,25.0621395111084,0.1768170967110794,16833.906115805323,9543.32993801905,0.1002395926998865,1.714314341545105,11.04342269897461,0.9279540052516916,806.9888206088576,95205.19468381534,5494.955759372622,1095.0044712035642,0.0,0.0078656265633857,0.9279540052516918,0.0535586973224004,0.0106728817497454,0.0,100700.15044318794,0.1738303506183797,17504.742458862944,0.981512702574092,22591.2
IS,Iceland,2019,102596.88965725468,1087698,99343.00577966722,0.1420191824436187,0.0,5.019216060638428,0.0,0.0,0.0,0.0,0.0,35.34181594848633,0.1448339559759192,14388.240525607807,3787.996866164368,0.0381304837359739,3.723610162734986,13.251859664916992,0.9682847707327416,803.6765074637427,99343.00577966723,1344.6383646395168,1110.8230832298668,0.0,0.0078333418308155,0.9682847707327416,0.0131060343947223,0.0108270639289435,0.0,100687.64414430676,0.1452192937288031,14621.788569853294,0.9813908051274642,22315.1
IS,Iceland,2020,102596.88965725468,932676,85136.19881552632,0.2818034589290619,0.0,5.8569655418396,0.0,0.0,0.6712974309921265,0.7899053692817688,0.0,20.78386688232422,0.2823439725744063,24037.692583460164,19331.01827713241,0.22705991747434,1.2217096090316772,10.285523414611816,0.8298126687849967,816.0027081570278,85136.19881552635,15160.917923331834,1489.0242879851728,0.0,0.0079534838812662,0.829812668784997,0.1477717109551751,0.0145133472657851,0.0,100297.11673885818,0.2552846218360253,25604.31151792309,0.977584379740172,19302.5
IS,Iceland,2021,102596.88965725468,885023,80927.9525678794,0.2932434976100921,0.0,6.624393463134766,0.0,0.0,0.6685829162597656,0.7812710404396057,0.0,22.59007835388184,0.2931617070710666,23724.97672456584,17753.52581011677,0.2193744589698567,1.3137091398239136,9.876967430114746,0.7887953800376926,808.729377337412,80927.95256787943,19374.897581182133,1490.564208601399,0.0,0.0078825915682155,0.7887953800376928,0.1888448825876479,0.014528356693667,0.0,100302.85014906156,0.2580817494865341,25886.33504495547,0.9776402626253408,22188.1
IS,Iceland,2022,102596.88965725468,801423,73398.45363198625,0.7904162406921387,0.6887377500534058,7.0397725105285645,0.0,0.8509314060211182,0.9421473741531372,0.9732863903045654,0.8509314060211182,8.906412124633789,0.7905709145132406,58026.682611697055,53814.42515921302,0.7331820017494384,1.0694034099578855,14.203097343444824,0.7154062260287656,804.6726850842715,73398.45363198624,27174.30739328872,1224.7100246411394,0.0,0.0078430514586986,0.7154062260287655,0.264864826644062,0.0119371067556972,0.0,100572.76102527496,0.5846829258882614,58803.17618091868,0.9802710526728275,27748.6
IS,Iceland,2023,102596.88965725468,998722,91237.65717567375,0.563467800617218,0.5383586883544922,7.004568099975586,0.0,0.6481579542160034,0.7765313982963562,0.8601601719856262,0.6481579542160034,12.431177139282228,0.5639067247625383,51449.528432941486,55075.58979074874,0.6036497592732277,0.9276269674301147,11.0929594039917,0.8892828767077765,805.8115598171382,91237.65717567375,9214.173775818512,1344.5012236909345,0.0,0.0078541519388074,0.8892828767077767,0.0898094845428579,0.0131046976977811,0.0,100451.83095149227,0.5450247717433735,54748.73623554103,0.9790923612506348,29284.5
IS,Iceland,2024,102596.88965725468,1074205,98143.48868806234,0.5340637564659119,0.5414913296699524,5.88621187210083,0.0,0.6386601328849792,0.7387036085128784,0.8100581169128418,0.6386601328849792,11.02155303955078,0.5337435999530281,52383.45896431569,60349.94711962669,0.6149154460103,0.8634588122367859,13.615853309631348,0.9565932165773272,798.841993401051,98143.48868806224,2448.408205487296,1211.4048480497647,0.0,0.0077862203822137,0.9565932165773262,0.0238643511871236,0.0118074227405597,0.0,100591.89689354956,0.5266401185587135,52975.72850606482,0.9804575677644498,30651.9
IS,Iceland,2025,102596.88965725468,966839,88336.99178622519,0.7363019585609436,0.6699024438858032,8.124472618103027,0.5344079732894897,0.7939977049827576,0.8936217427253723,0.942980945110321,0.2595897316932678,11.03415870666504,0.7355112531710101,64972.851530043714,70545.25198620938,0.7985924193222282,0.917008101940155,13.380107879638672,0.8610104271321722,801.0630858658781,88336.99178622526,12039.690745109276,1424.3981177999665,0.0,0.0078078691132059,0.861010427132173,0.1173494711713996,0.0138834434704448,0.0,100376.68253133452,0.6577489021427491,66022.65273571655,0.9783598983035726,34157.4
IT,Italy,2012,300884.01575266925,1900202,299551.61330243526,3.0932865142822266,0.5474214553833008,9.319104194641112,0.0,1.6782310009002686,7.337295055389404,15.877760887145996,1.6782310009002686,3.0126869678497314,3.081159700762934,922966.3592059856,159741.20024759686,0.5332677013036745,5.772350311279297,44.90362930297852,0.9955717074338396,1179.3980984574448,299551.6133024354,140.12322364042808,5.165088684552671,0.0,0.0039197765142397,0.9955717074338402,0.000465705109957,1.7166377787241592e-05,0.0,299691.73652607534,3.08088478902494,923315.7124596556,0.9960374125437956,1632898.5
IT,Italy,2013,300884.01575266925,1900261,299560.7559624261,2.985964775085449,0.0,9.199623107910156,0.0,1.5861388444900513,7.137044429779053,15.51247787475586,1.5861388444900513,3.0809550285339355,2.973516823632073,890748.9475542157,146183.51093666616,0.4879928629736866,6.088236808776856,46.2960205078125,0.9956020934281504,1182.039871450018,299560.7559624259,119.70967854922486,13.625014641896726,0.0,0.0039285565519095,0.9956020934281498,0.0003978598804917,4.528327836828884e-05,0.0,299680.4656409752,2.972923315643666,890927.0435470059,0.9959999533086418,1621260.7
IT,Italy,2014,300884.01575266925,1900019,299523.72180846287,2.950048446655273,0.528820276260376,8.93410873413086,0.0,1.639945387840271,7.017316818237305,15.084640502929688,1.639945387840271,3.0284616947174072,2.9372680523297725,879781.4589829083,154947.73200228947,0.5173137241576287,5.672813415527344,41.754486083984375,0.9954790089436836,1185.229267670105,299523.7218084631,162.1069677020662,10.33594647066402,0.0,0.0039391566371687,0.9954790089436844,0.0005387689581866,3.435192941309421e-05,0.0,299685.82877616497,2.9362288229619904,879946.1682858275,0.9960177779018704,1635870.7
IT,Italy,2015,300884.01575266925,1900424,299585.3960907056,2.947279930114746,0.0,8.94784164428711,0.0,1.6195833683013916,7.089581489562988,15.315892219543455,1.6195833683013916,3.035965919494629,2.9348620908602583,879241.8219619668,147201.06150187936,0.4913492560809314,5.975373268127441,46.938358306884766,0.9956839858750384,1177.8249003622643,299585.3960907056,106.5478112393608,6.362025721476317,0.0,0.0039145479277651,0.9956839858750384,0.0003541158907123,2.114444566143384e-05,0.0,299691.9439019451,2.934127932579657,879334.5037717927,0.9960381017657512,1663277.7
IT,Italy,2016,300884.01575266925,1900306,299567.62825448404,2.932488203048706,0.0,8.903999328613281,0.0,1.626594305038452,7.049195766448975,15.23691177368164,1.626594305038452,3.0363290309906006,2.919964553553744,874726.8558952584,146287.53230273153,0.4883289064146131,5.974539756774902,45.46359634399414,0.9956249337642872,1180.7149450692273,299567.6282544839,122.56317754579234,6.581945561063291,0.0,0.0039241531063577,0.9956249337642868,0.0004073435979614,2.1875357999986745e-05,0.0,299690.19143202965,2.9191263931088955,874833.5475650951,0.996032277362248,1704856.7
IT,Italy,2017,300884.01575266925,1900262,299561.33217182825,3.009655475616455,0.5015262365341187,8.967823028564453,0.0,1.72107994556427,7.339705467224121,15.739298820495604,1.72107994556427,2.979684352874756,2.995971310890267,897477.157038867,149283.79029909274,0.498341322015031,6.008549213409424,51.44110107421875,0.9956040084830288,1179.2733595925497,299561.33217182814,128.55021706354117,10.030735495086908,0.0,0.0039193619396582,0.9956040084830284,0.0004272417620522,3.3337548589926784e-05,0.0,299689.88238889177,2.995017822836332,897576.5390784551,0.9960312502450808,1744493.0
IT,Italy,2018,300884.01575266925,1900242,299557.2023527352,3.004413366317749,0.5110734105110168,8.856815338134766,0.0,1.7486718893051147,7.303394794464111,15.664268493652344,1.7486718893051147,2.947935104370117,2.989594432825599,895554.5444665484,150892.4186847857,0.5037182130814086,5.936943054199219,45.155704498291016,0.9955902828649272,1175.782310801522,299557.2023527353,136.93458127577188,1.7962790186979771,0.0,0.0039077593000753,0.9955902828649276,0.0004551075301664,5.970004801366859e-06,0.0,299694.13693401107,2.988530191652297,895644.97648847,0.996045390395094,1777744.4
IT,Italy,2019,300884.01575266925,1900176,299546.9582548198,2.995837450027466,0.5066725015640259,8.825630187988281,0.0,1.7458665370941162,7.30029296875,15.665057182312012,1.7458665370941162,2.945964336395264,2.9811142383684976,892983.7023134173,150108.6218957892,0.5011188321535023,5.948678493499756,49.13240814208984,0.9955562361978426,1168.7048747133576,299546.9582548201,137.60438344200256,13.01330255975771,0.0,0.0038842371595905,0.9955562361978436,0.0004573336443206,4.325022892028542e-05,0.0,299684.56263826194,2.980024601005088,893067.3692034709,0.9960135698421638,1804066.8
IT,Italy,2020,300884.01575266925,1900180,299548.0574534691,3.005723476409912,0.0,9.135225296020508,0.0,1.747288703918457,7.380108833312988,15.85942554473877,1.747288703918457,3.039276599884033,2.9906164346746613,895833.3435952143,143819.4992134953,0.4801216220066317,6.226725101470947,51.40291213989258,0.995559889428296,1181.3508745133247,299548.05745346926,138.48029253339004,11.977203232210638,0.0,0.0039262666431719,0.9955598894282968,0.0004602447630425,3.980671157372501e-05,0.0,299686.5377460027,2.989488829041798,895909.5568058883,0.9960201341913396,1670011.9
IT,Italy,2021,300884.01575266925,1900073,299531.7368529355,3.130277395248413,0.5764907002449036,8.864587783813477,0.0,1.9569487571716309,7.616251945495605,16.14134979248047,1.9569487571716309,2.831885814666748,3.1144889936774374,932888.297685554,161080.50195895604,0.5377744063162281,5.796511173248291,47.47690963745117,0.9955056472629462,1184.6752872688687,299531.73685293586,153.86539980782555,10.946643561861276,0.0,0.0039373154612596,0.9955056472629474,0.0005113777793178,3.638160549831124e-05,0.0,299685.6022527434,3.1131899157600103,932978.194831706,0.9960170250422642,1842507.4
IT,Italy,2022,300884.01575266925,1900157,299543.83013528696,3.2005386352539062,0.6563786864280701,8.95385456085205,0.0,2.013993740081787,7.650088787078857,16.16995620727539,2.013993740081787,2.7976086139678955,3.188232187965104,955015.2809436732,177647.1349738067,0.5930589019095255,5.383834362030029,48.700286865234375,0.995545839768092,1176.275764092771,299543.8301352872,141.06089550222444,14.284514629129172,0.0,0.0039093993117257,0.9955458397680929,0.0004688214997043,4.747515282058465e-05,0.0,299684.8910307894,3.1869856021891683,955091.4329087556,0.9960146612677973,1998072.6
IT,Italy,2023,300884.01575266925,1900172,299547.06778378977,3.1502857208251958,0.7129106521606445,8.638723373413086,0.0,2.0281877517700195,7.383157730102539,15.488767623901367,2.0281877517700195,2.7422032356262207,3.139285459452109,940363.7543151664,193704.5264661635,0.6466580624517332,4.863600730895996,48.98347854614258,0.9955566002217332,1177.848579786673,299547.0677837898,136.10070997251557,11.547728513480902,0.0,0.0039146266272744,0.9955566002217332,0.0004523361257062,3.837933525512798e-05,0.0,299683.16849376244,3.1381329298300424,940445.619566081,0.9960089363474398,2142744.4
IT,Italy,2024,300884.01575266925,1899936,299512.4734319387,3.077465295791626,0.6239029169082642,8.580843925476074,0.0,2.0108375549316406,7.415077209472656,15.527770042419434,2.0108375549316406,2.788282871246338,3.0642292667740407,917774.8868540288,169642.20725738507,0.5663944653574992,5.410009860992432,41.7874870300293,0.9954416245166776,1182.093862708449,299512.47343193844,177.51535964995574,5.575785404924155,0.0,0.0039287359940055,0.9954416245166768,0.0005899793620006,1.8531344681026613e-05,0.0,299689.9887915883,3.0626625112876598,917849.2936802164,0.9960316038786772,2202031.2
IT,Italy,2025,300884.01575266925,1899810,299488.8124087916,3.3222250938415527,0.7660356760025024,8.935291290283203,0.0,2.1809170246124268,7.786446571350098,16.188308715820312,2.1809170246124268,2.6895501613616943,3.314126341821687,992543.7622848698,205708.6113336648,0.6868657619600155,4.8464035987854,45.9180793762207,0.9953629861646603,1173.0569319147794,299488.8124087916,185.6934056569345,20.586394318577767,0.0,0.0038987013948891,0.9953629861646606,0.0006171594233492,6.841970075106969e-05,0.0,299674.50581444835,3.312489327182436,992668.602139031,0.9959801455880092,2258048.7
LI,Liechtenstein,2012,160.43897607870147,1101,161.19155134001443,1.9728806018829343,0.0,4.576851844787598,0.0,1.9572641849517824,6.0098557472229,9.209306716918944,1.9572641849517824,2.319882869720459,1.972222077200812,317.9055362110246,80.33813575021648,0.4984016536992856,3.956542015075684,25.569482803344727,1.0046907259053048,0.0,161.19155134001443,0.0,0.0,0.0,0.0,1.0046907259053048,0.0,0.0,0.0,161.19155134001443,1.972222077200812,317.9055362110246,1.0046907259053048,
LI,Liechtenstein,2013,160.43897607870147,1101,161.19155134001443,1.6973483562469482,0.0,3.483877658843994,0.0,2.038675546646118,5.721494674682617,8.083292007446289,2.038675546646118,2.052541255950928,1.696702410982326,273.4940937885839,69.36493083430719,0.4303260949948307,3.942575454711914,21.535877227783203,1.0046907259053048,0.0,161.19155134001443,0.0,0.0,0.0,0.0,1.0046907259053048,0.0,0.0,0.0,161.19155134001443,1.696702410982326,273.4940937885839,1.0046907259053048,4812.4
LI,Liechtenstein,2014,160.43897607870147,1101,161.19155134001443,1.8437645435333248,0.5303454399108887,4.144425868988037,0.0,1.8026857376098635,5.470102787017822,8.57341480255127,1.8026857376098635,2.2478065490722656,1.8431237446379556,297.0959757098086,85.60913744432354,0.5311018892283085,3.470059633255005,23.55404090881348,1.0046907259053048,0.0,161.19155134001443,0.0,0.0,0.0,0.0,1.0046907259053048,0.0,0.0,0.0,161.19155134001443,1.8431237446379556,297.0959757098086,1.0046907259053048,5021.7
LI,Liechtenstein,2015,160.43897607870147,1101,161.19155134001443,1.753156661987305,0.0,4.043920516967773,0.0,1.7578279972076416,5.221803188323975,8.29113483428955,1.7578279972076416,2.3066508769989014,1.7525488513658996,282.49606815082973,75.21810279542447,0.4666379978982944,3.75530219078064,31.379653930664062,1.0046907259053048,0.0,161.19155134001443,0.0,0.0,0.0,0.0,1.0046907259053048,0.0,0.0,0.0,161.19155134001443,1.7525488513658996,282.49606815082973,1.0046907259053048,5649.1
LI,Liechtenstein,2016,160.43897607870147,1101,161.19155134001443,1.8591609001159668,0.5032113194465637,4.408914566040039,0.0,1.8120194673538208,5.273258686065674,8.321020126342773,1.8120194673538208,2.3714540004730225,1.8584715268885528,299.56990854041123,80.92766357427405,0.5020589658794632,3.701512098312378,31.62942695617676,1.0046907259053048,0.0,161.19155134001443,0.0,0.0,0.0,0.0,1.0046907259053048,0.0,0.0,0.0,161.19155134001443,1.8584715268885528,299.56990854041123,1.0046907259053048,5637.7
LI,Liechtenstein,2017,160.43897607870147,1101,161.19155134001443,1.8998905420303345,0.555506706237793,4.233846187591553,0.0,1.692028522491455,5.437675952911377,8.68676471710205,1.692028522491455,2.228468418121338,1.8991975447567064,306.13459854047994,86.34155380885124,0.5356456532062527,3.545388698577881,29.738420486450195,1.0046907259053048,0.0,161.19155134001443,0.0,0.0,0.0,0.0,1.0046907259053048,0.0,0.0,0.0,161.19155134001443,1.8991975447567064,306.13459854047994,1.0046907259053048,5734.6
LI,Liechtenstein,2018,160.43897607870147,1101,161.19155134001443,1.9068078994750977,0.5214647054672241,4.533031463623047,0.0,1.818020820617676,5.3921732902526855,8.013551712036133,1.818020820617676,2.3772878646850586,1.9060484373983664,307.23890455345304,82.97484510842466,0.5147592688242021,3.702637672424317,26.477746963500977,1.0046907259053048,0.0,161.19155134001443,0.0,0.0,0.0,0.0,1.0046907259053048,0.0,0.0,0.0,161.19155134001443,1.9060484373983664,307.23890455345304,1.0046907259053048,5666.3
LI,Liechtenstein,2019,160.43897607870147,1101,161.19155134001443,1.8267408609390257,0.5324991345405579,4.453436374664307,0.0,1.7437949180603027,5.160743236541748,7.668856143951416,1.7437949180603027,2.437913656234741,1.826007765667208,294.3370245068108,84.44026400179338,0.5238504332257258,3.485687017440796,30.520435333251957,1.0046907259053048,0.0,161.19155134001443,0.0,0.0,0.0,0.0,1.0046907259053048,0.0,0.0,0.0,161.19155134001443,1.826007765667208,294.3370245068108,1.0046907259053048,5750.1
LI,Liechtenstein,2020,160.43897607870147,1101,161.19155134001443,1.650853395462036,0.0,3.604183197021485,0.0,1.6865330934524536,4.782847881317139,7.030691146850586,1.6865330934524536,2.1832242012023926,1.6501642923553792,265.9925422506607,79.1694764439273,0.4911515261549204,3.359685182571411,33.855587005615234,1.0046907259053048,0.0,161.19155134001443,0.0,0.0,0.0,0.0,1.0046907259053048,0.0,0.0,0.0,161.19155134001443,1.6501642923553792,265.9925422506607,1.0046907259053048,5618.0
LI,Liechtenstein,2021,160.43897607870147,1101,161.19155134001443,1.8170853853225708,0.5844148993492126,4.224265575408936,0.0,1.9291356801986692,5.122876167297363,7.304399490356445,1.9291356801986692,2.324748039245605,1.81635710206438,292.7814190692104,87.22256675588321,0.5411112805279574,3.356729507446289,28.302452087402344,1.0046907259053048,0.0,161.19155134001443,0.0,0.0,0.0,0.0,1.0046907259053048,0.0,0.0,0.0,161.19155134001443,1.81635710206438,292.7814190692104,1.0046907259053048,6688.5
LI,Liechtenstein,2022,160.43897607870147,1101,161.19155134001443,1.652813196182251,0.6603712439537048,3.8261585235595694,0.0,1.7643884420394895,4.299178123474121,6.296803951263428,1.7643884420394895,2.314937114715576,1.6521080479168375,266.305859225038,98.63872887623072,0.6119348567355372,2.6999218463897705,24.008174896240234,1.0046907259053048,0.0,161.19155134001443,0.0,0.0,0.0,0.0,1.0046907259053048,0.0,0.0,0.0,161.19155134001443,1.6521080479168375,266.305859225038,1.0046907259053048,7058.2
LI,Liechtenstein,2023,160.43897607870147,1101,161.19155134001443,1.5470423698425293,0.6481740474700928,2.813260793685913,0.0,1.7588151693344116,4.283694267272949,6.335904598236084,1.7588151693344116,1.818476915359497,1.5463640046662297,249.26081284850687,101.71529797436855,0.6310212733160699,2.450782299041748,23.058128356933597,1.0046907259053048,0.0,161.19155134001443,0.0,0.0,0.0,0.0,1.0046907259053048,0.0,0.0,0.0,161.19155134001443,1.5463640046662297,249.26081284850687,1.0046907259053048,7617.8
LI,Liechtenstein,2024,160.43897607870147,1101,161.19155134001443,1.5410685539245603,0.6375432014465332,2.8890864849090576,0.0,1.723326325416565,4.420882225036621,5.994918823242188,1.723326325416565,1.87472939491272,1.540406792293436,248.3005605444743,96.29777104417371,0.5974120246603062,2.5785961151123047,25.47229766845703,1.0046907259053048,0.0,161.19155134001443,0.0,0.0,0.0,0.0,1.0046907259053048,0.0,0.0,0.0,161.19155134001443,1.540406792293436,248.3005605444743,1.0046907259053048,8231.2
LI,Liechtenstein,2025,160.43897607870147,1101,161.19155134001443,1.586984395980835,0.6227090358734131,3.1098616123199463,0.0,1.726949691772461,4.585663318634033,6.423644065856934,1.726949691772461,1.9596043825149536,1.5862952120809388,255.6973861185637,92.639154990448,0.5747147057046228,2.7602999210357666,28.05449676513672,1.0046907259053048,0.0,161.19155134001443,0.0,0.0,0.0,0.0,1.0046907259053048,0.0,0.0,0.0,161.19155134001443,1.5862952120809388,255.6973861185637,1.0046907259053048,
LT,Lithuania,2012,64909.67875465196,523457,64194.35587098086,0.2046277970075607,0.0,2.285441637039185,0.0,0.0,0.0,0.0,0.0,11.168773651123049,0.2056209105751848,13199.701907978548,2741.9754834976247,0.0427136536584073,4.806761264801025,16.788005828857422,0.9889797192437986,107.72013217693996,64194.35587098086,606.4531151640969,0.0,0.0,0.0016595388275468,0.9889797192437986,0.0093430306049794,0.0,0.0,64800.80898614493,0.2076207413383403,13453.992001027596,0.9983227498487778,33240.4
LT,Lithuania,2013,64909.67875465196,524329,64303.970219941766,0.2097827643156051,0.0,2.3967647552490234,0.0,0.0,0.0,0.0,0.0,11.424983978271484,0.2108299452907564,13557.202523448752,2737.293092427482,0.042568026251956,4.9422712326049805,15.971092224121094,0.9906684404185748,103.78857216883895,64303.970219941766,500.7703262112656,0.0,0.0,0.0015989691238673,0.9906684404185748,0.0077148791338822,0.0,0.0,64804.74054615304,0.2124566179021299,13768.196000460704,0.9983833195524574,34874.0
LT,Lithuania,2014,64909.67875465196,523867,64246.56856993636,0.1981255263090133,0.0,2.3769795894622803,0.0,0.0,0.0,0.0,0.0,11.99734115600586,0.1991626738765086,12795.518383778985,2416.7825072780997,0.0376173009870135,5.284156799316406,25.22469139099121,0.989784109281729,103.54024014796305,64246.56856993636,558.4203082375584,0.0,0.0,0.0015951433150567,0.989784109281729,0.008603036079539,0.0,0.0,64804.98887817392,0.2009081331287116,13019.84933294084,0.998387145361268,36410.1
LT,Lithuania,2015,64909.67875465196,523478,64197.59976709199,0.2078347355127334,0.0,2.3011951446533203,0.0,0.0,0.0,0.0,0.0,11.072235107421877,0.2088862835726983,13409.998029635368,2695.209931600013,0.0419830327205097,4.972663402557373,23.111230850219727,0.9890296947817055,104.65824469088123,64197.59976709199,606.2711065390033,0.0,0.0,0.0016123673186932,0.9890296947817055,0.0093402265759257,0.0,0.0,64803.870873631,0.2105449543524542,13644.128034950976,0.9983699213576316,37440.7
LT,Lithuania,2016,64909.67875465196,522411,64066.9836743126,0.2327402383089065,0.0,2.506373882293701,0.0,0.0,0.0,0.0,0.0,10.768975257873535,0.233889397588269,14984.58821688244,2721.9922671947734,0.0424866617887326,5.499890327453613,18.591053009033203,0.9870174202598566,106.00750512017775,64066.9836743126,735.5379388891134,0.0,0.0,0.0016331540558206,0.9870174202598566,0.0113317143606476,0.0,0.0,64802.521613201694,0.2352986464572438,15247.94562260265,0.998349134620504,38820.7
LT,Lithuania,2017,64909.67875465196,521355,63936.04916631992,0.2633026540279388,0.0,5.613759517669678,0.0,0.0,0.0,0.0,0.0,21.320558547973636,0.2648280237995818,16932.05755026941,2952.368586713377,0.0461769005937986,5.726197242736816,18.74776840209961,0.9850002402259268,105.8668802434554,63936.04916631992,866.6130717585077,0.0,0.0,0.0016309875857437,0.9850002402259268,0.0133510608646541,0.0,0.0,64802.66223807842,0.2657900048378855,17223.899909766722,0.9983513010905808,42274.6
LT,Lithuania,2018,64909.67875465196,522484,64075.73580103626,0.2827316522598266,0.0,3.4102258682250977,0.0,0.0,0.0,0.0,0.0,12.061705589294434,0.2842570446938033,18213.97929538349,3073.1163908184744,0.0479606882761504,5.922887325286865,19.707887649536133,0.9871522557249456,104.38988534259032,64075.73580103626,728.4034319430041,0.0,0.0,0.001608232968417,0.9871522557249456,0.0112217999829617,0.0,0.0,64804.13923297929,0.2850461034353948,18472.167374845543,0.9983740557079076,45947.4
LT,Lithuania,2019,64909.67875465196,522438,64070.04267698206,0.3136211633682251,0.0,6.670506477355957,0.0,0.0,0.0,0.5179422497749329,0.0,21.269311904907227,0.3154989286885914,20214.02982562017,3361.043907780282,0.0524588991570592,6.005483150482178,24.40339088439941,0.9870645473251596,105.26868484050463,64070.04267698206,733.217756499311,0.0,0.0,0.0016217717736426,0.9870645473251596,0.0112959695775225,0.0,0.0,64803.26043348137,0.3165002000687484,20510.24489230406,0.998360516902682,49239.2
LT,Lithuania,2020,64909.67875465196,523129,64154.66804197081,0.291761964559555,0.0,6.315439224243164,0.0,0.0,0.0,0.0,0.0,21.645862579345703,0.2933929891818406,18822.529826802514,2841.265446846838,0.0442877429431642,6.616487979888916,30.94692039489746,0.9883682876395834,103.29590720824052,64154.66804197081,650.5651691428537,0.0,0.0,0.001591379116182,0.9883682876395834,0.0100226219205595,0.0,0.0,64805.233211113606,0.2941948526338484,19065.366034445746,0.998390909560142,50264.6
LT,Lithuania,2021,64909.67875465196,522294,64051.52541583926,0.3431234359741211,0.0,6.667352199554443,0.0,0.0,0.0,0.5907775163650513,0.0,19.431352615356445,0.345006406519756,22098.18661582753,3932.378644019346,0.0613939889563802,5.614917755126953,20.01189994812012,0.9867792699751854,105.4988336005559,64051.52541583926,751.5048688820509,0.0,0.0,0.0016253174507198,0.9867792699751854,0.0115777012504193,0.0,0.0,64803.03028472133,0.3454591030113054,22386.79671457429,0.998356971225605,56709.1
LT,Lithuania,2022,64909.67875465196,522960,64134.131051768,0.3410701751708984,0.0,4.078365325927734,0.0,0.0,0.0,0.6471402645111084,0.0,11.957554817199709,0.3427824410960087,21984.05399949637,4523.83416097628,0.0705370773219756,4.857595443725586,28.131505966186523,0.9880518942973756,104.63710424775503,64134.131051768,669.7609623061041,0.0,0.0,0.0016120416285415,0.9880518942973756,0.010318352750407,0.0,0.0,64803.89201407413,0.3446605607159845,22335.345758148906,0.9983702470477832,67081.1
LT,Lithuania,2023,64909.67875465196,522515,64079.34835066732,0.3203190863132477,0.0,4.11678409576416,0.0,0.0,0.5045442581176758,0.7237823605537415,0.0,12.852134704589844,0.3219820057239952,20632.39710743445,6592.064033399305,0.1028734561613352,3.129258394241333,20.73841857910156,0.987207910747438,106.00341750273036,64079.34835066732,723.177350151824,0.0,0.0,0.0016330910818925,0.987207910747438,0.0111412868469942,0.0,0.0,64802.52570081915,0.3254220617987141,21088.17152332473,0.9983491975944322,74317.0
LT,Lithuania,2024,64909.67875465196,521922,64006.755346937534,0.3423323929309845,0.0,4.519961833953857,0.0,0.0,0.0,0.6965358257293701,0.0,13.20343017578125,0.3439373556987277,22014.314180881094,5333.194292245996,0.083322365949318,4.125775337219238,22.361778259277344,0.9860895412666064,104.29879105709269,64006.755346937534,797.4749803272691,0.0,0.0,0.0016068295677648,0.9860895412666064,0.0122859178419538,0.0,0.0,64804.23032726477,0.3466515328408059,22464.485777514976,0.9983754591085596,78996.2
LT,Lithuania,2025,64909.67875465196,520877,63877.76885555742,0.3766407668590545,0.0,9.137032508850098,0.0,0.0,0.0,0.6857841610908508,0.0,24.25927734375,0.3787558575745651,24194.079122836494,4934.264844722344,0.0772454162555344,4.897119998931885,28.456892013549805,0.9841023724212996,103.40829618552353,63877.76885555742,927.351966578938,0.0,0.0,0.0015931105833444,0.9841023724212996,0.0142868056716807,0.0,0.0,64805.12082213638,0.3805462579191359,24661.34622286148,0.9983891780929806,84258.0
LU,Luxembourg,2012,2594.8175138114143,18420,2562.1134824886094,3.643047571182251,0.7410528063774109,10.960200309753418,0.0,2.621593952178955,8.607101440429688,16.011667251586914,2.621593952178955,3.0085251331329346,3.652629505700381,9358.451303090653,1804.3674323894893,0.7042496145162497,5.178249835968018,28.285831451416016,0.9873964041213952,0.0,2562.1134824886094,34.14136790466164,0.0,0.0,0.0,0.9873964041213952,0.0131575217613329,0.0,0.0,2596.254850393271,3.610597231270356,9374.030574502176,1.0005539258827283,46526.2
LU,Luxembourg,2013,2594.8175138114143,18435,2564.1859107463847,3.4358069896698,0.6861051917076111,10.045212745666504,0.0,2.4767439365386963,8.276515007019043,15.454193115234377,2.4767439365386963,2.9236836433410645,3.4451501989773137,8834.005600622731,1626.386475808214,0.6342701084941242,5.423797130584717,20.62245750427246,0.9881950838924176,0.0,2564.1859107463847,32.06893964688635,0.0,0.0,0.0,0.9881950838924176,0.0123588419903107,0.0,0.0,2596.254850393271,3.406995072431436,8845.42748206609,1.0005539258827283,49094.5
LU,Luxembourg,2014,2594.8175138114143,18385,2557.2748950609825,3.476512670516968,0.7944064140319824,9.388335227966309,0.0,2.615151882171631,8.353301048278809,15.527825355529783,2.615151882171631,2.7005035877227783,3.485381810389628,8913.079403411593,1892.7827355651573,0.7401561479451433,4.701411247253418,30.784334182739254,0.98553169209372,0.0,2557.274895060982,38.979955332288746,0.0,0.0,0.0,0.9855316920937196,0.0150222337890084,0.0,0.0,2596.254850393271,3.4401469146967907,8931.49811334699,1.0005539258827283,51791.3
LU,Luxembourg,2015,2594.8175138114143,18397,2558.933583571933,3.407174825668335,0.7212378978729248,9.383881568908691,0.0,2.5582709312438965,8.303725242614746,15.344943046569824,2.5582709312438965,2.754153251647949,3.416163643859832,8741.735875250391,1702.9043976871571,0.6654742462327325,5.125668048858643,22.95390510559082,0.9861709233699548,0.0,2558.933583571933,37.32126682133817,0.0,0.0,0.0,0.9861709233699548,0.0143830025127734,0.0,0.0,2596.254850393271,3.3721709041071555,8755.015066143265,1.0005539258827283,54142.3
LU,Luxembourg,2016,2594.8175138114143,18372,2555.4757279036685,3.4398043155670166,0.7364084720611572,9.374610900878906,0.0,2.4655442237854004,8.400712966918945,15.935688018798828,2.4655442237854004,2.725332736968994,3.448844891572845,8813.439409718965,1730.6823885386325,0.6772446983710395,5.084567070007324,33.55410385131836,0.984838322657242,0.0,2555.4757279036685,40.77912248960304,0.0,0.0,0.0,0.984838322657242,0.0157156032254863,0.0,0.0,2596.254850393271,3.401525477475629,8831.22701963239,1.0005539258827283,56208.1
LU,Luxembourg,2017,2594.8175138114143,18304,2546.082598437232,3.6450374126434326,0.8242055177688599,9.407649993896484,0.5078572630882263,2.603454351425171,8.892796516418457,16.639671325683594,2.0955970287323,2.5809473991394043,3.654531971767047,9304.74025874858,1933.3314852309932,0.7593357287063898,4.804058074951172,22.29092025756836,0.9812183650238284,0.0,2546.082598437232,50.17225195603943,0.0,0.0,0.0,0.9812183650238286,0.0193355608588997,0.0,0.0,2596.254850393271,3.591538950765782,9324.55042130202,1.0005539258827283,58168.8
LU,Luxembourg,2018,2594.8175138114143,18404,2559.9021750562606,3.79411244392395,0.8426108360290527,9.685169219970703,0.0,2.778802394866944,9.196470260620115,17.452898025512695,2.778802394866944,2.5526838302612305,3.8041647961844727,9738.289736025088,1890.611719953948,0.7385484251609717,5.1418890953063965,28.141599655151367,0.986544202600256,0.0,2559.9021750562606,36.35267533701038,0.0,0.0,0.0,0.986544202600256,0.0140097232824721,0.0,0.0,2596.254850393271,3.756313878257538,9752.348126025694,1.0005539258827283,60193.4
LU,Luxembourg,2019,2594.8175138114143,18335,2550.366183683924,3.796973943710327,0.8505175709724426,10.265369415283203,0.5030516982078552,2.686133623123169,9.173913955688477,17.313440322875977,2.183081865310669,2.703565835952759,3.807094870873721,9709.486016752851,1920.836820620784,0.7531611863854764,5.045844554901123,27.62165260314941,0.9828691883375652,0.0,2550.366183683924,45.88866670934677,0.0,0.0,0.0,0.9828691883375654,0.0176847375451628,0.0,0.0,2596.254850393271,3.746454104650773,9726.749640975348,1.0005539258827283,62415.0
LU,Luxembourg,2020,2594.8175138114143,18400,2559.348257177955,3.575998544692993,0.7578796148300171,9.778924942016602,0.0,2.630305767059326,8.68529987335205,16.754884719848633,2.630305767059326,2.7345998287200928,3.585956816156653,9177.712327745938,1713.79810718353,0.6696228629210609,5.346418857574463,24.510652542114254,0.98633073175872,0.0,2559.348257177956,36.90659321531581,0.0,0.0,0.0,0.9863307317587204,0.014223194124008,0.0,0.0,2596.254850393271,3.540579594722564,9192.2469460019,1.0005539258827283,64499.2
LU,Luxembourg,2021,2594.8175138114143,18334,2550.22463865496,3.82372522354126,0.8774559497833252,9.801824569702148,0.5301324129104614,2.780447006225586,9.03123664855957,17.40109634399414,2.250314712524414,2.563422918319702,3.8340327223058153,9777.64471383364,1993.0970374939784,0.781537832896626,4.896568775177002,34.33036804199219,0.9828146392110042,0.0,2550.22463865496,46.03021173831081,0.0,0.0,0.0,0.9828146392110042,0.0177392866717239,0.0,0.0,2596.254850393271,3.774804770626975,9800.355195027943,1.0005539258827283,73039.5
LU,Luxembourg,2022,2594.8175138114143,18480,2570.4072312157864,3.745452880859375,0.8922287821769714,9.529655456542969,0.549491822719574,2.7117621898651123,8.934784889221191,17.17008399963379,2.1622703075408936,2.5443265438079834,3.7555112945513502,9653.19338842735,2060.693996722418,0.8016994240043912,4.6754913330078125,29.4508113861084,0.9905926784963875,0.0,2570.407231215786,25.84761917748499,0.0,0.0,0.0,0.9905926784963875,0.0099612473863406,0.0,0.0,2596.254850393271,3.7233312667449328,9666.716860907454,1.0005539258827283,76731.2
LU,Luxembourg,2023,2594.8175138114143,18550,2580.0820545118504,3.1003618240356445,0.772062361240387,8.182123184204102,0.0,2.0870766639709477,7.154012203216553,14.2881441116333,2.0870766639709477,2.6390864849090576,3.1095453814957805,8022.882236487469,1912.8773875399372,0.7414017644108812,4.186628341674805,23.372020721435547,0.9943211962994964,0.0,2580.0820545118504,16.172795881420612,0.0,0.0,0.0,0.9943211962994964,0.0062327295832318,0.0,0.0,2596.254850393271,3.092720507672518,8029.490618955515,1.0005539258827283,82115.5
LU,Luxembourg,2024,2594.8175138114143,18395,2558.65092048019,3.3781754970550537,0.8540871143341064,8.49935531616211,0.5254654884338379,2.440396308898926,8.020315170288086,15.065692901611328,1.914930820465088,2.515960216522217,3.387594177876967,8667.670961438234,1990.1609502970744,0.7778165182156128,4.347082138061523,17.819406509399414,0.9860619896625792,0.0,2558.6509204801905,37.60392991308069,0.0,0.0,0.0,0.9860619896625792,0.014491936220149,0.0,0.0,2596.254850393271,3.3423020811910367,8677.467989771754,1.0005539258827283,86180.3
LU,Luxembourg,2025,2594.8175138114143,18416,2561.559577271296,3.3624751567840576,0.8063457012176514,8.694815635681152,0.0,2.36395001411438,8.087841033935547,15.53794002532959,2.36395001411438,2.5858378410339355,3.371698413756118,8636.80636342742,1834.4493274447532,0.716145485633757,4.700421333312988,28.54327774047852,0.9871829381591974,0.0,2561.5595772712963,34.69527312197494,0.0,0.0,0.0,0.9871829381591976,0.0133709877235307,0.0,0.0,2596.254850393271,3.332632334300837,8652.362862506,1.0005539258827283,89521.5
LV,Latvia,2012,64610.90708806681,541347,63849.78091034229,0.1706460416316986,0.0,2.3472707271575928,0.0,0.0,0.0,0.0,0.0,13.75520133972168,0.1703957419999984,10879.730794755107,1986.2977442254496,0.0311089202798456,5.482743263244629,12.013968467712402,0.9882198499908524,223.53066369005728,63849.78091034229,533.3921540105578,0.0,0.0,0.0034596428647159,0.9882198499908524,0.0082554506359665,0.0,0.0,64383.173064352864,0.173230646680433,11153.138705276082,0.9964753006268192,21270.9
LV,Latvia,2013,64610.90708806681,542677,64005.93253841993,0.1999814212322235,0.0,2.6644296646118164,0.0,0.0,0.0,0.0,0.0,13.323386192321776,0.1997356493837507,12784.266499973846,1952.7643117381388,0.0305091143007092,6.553857803344727,15.04828643798828,0.9906366498024508,221.25471187444356,64005.93253841993,379.51647774854086,0.0,0.0,0.0034244173599492,0.9906366498024508,0.005873876329135,0.0,0.0,64385.44901616848,0.2009581234015091,12938.77900865276,0.996510526131586,21997.0
LV,Latvia,2014,64610.90708806681,540221,63716.58750072718,0.1906967312097549,0.0,2.4792213439941406,0.0,0.0,0.0,0.0,0.0,13.000859260559082,0.190492254611283,12137.51640915062,2147.382468422787,0.0337020947394315,5.656931400299072,20.638673782348636,0.9861583805638166,217.27844842688893,63716.58750072718,672.8377788888397,0.0,0.0,0.0033628756849169,0.9861583805638166,0.0104136872428015,0.0,0.0,64389.42527961602,0.191873017734308,12354.593338577668,0.9965720678066182,22790.5
LV,Latvia,2015,64610.90708806681,541810,63903.84619571303,0.1959295719861984,0.0,3.206892490386963,0.0,0.0,0.0,0.0,0.0,16.367578506469727,0.1957296422986245,12507.876957393228,1993.594876647116,0.031196790104644,6.2777419090271,21.54884910583496,0.9890566326303076,220.685774468812,63903.84619571303,482.17175786108015,0.0,0.0,0.0034156117661064,0.9890566326303076,0.0074626990951212,0.0,0.0,64386.01795357408,0.1969505616955263,12680.862401294657,0.9965193317254284,23744.3
LV,Latvia,2016,64610.90708806681,540397,63737.37297704482,0.2151213437318802,0.0,4.008420944213867,0.0,0.0,0.0,0.0,0.0,18.633302688598636,0.2149211492353346,13698.509449467632,2064.4638259567746,0.0323901618395897,6.637601375579834,17.430156707763672,0.9864800828468276,219.98879902161167,63737.37297704482,649.3419519764824,0.0,0.0,0.0034048244938236,0.9864800828468276,0.010050036150884,0.0,0.0,64386.71492902128,0.216080484672509,13912.712568333593,0.9965301189977112,24498.2
LV,Latvia,2017,64610.90708806681,540056,63696.7899178084,0.2297686040401458,0.0,5.842526435852051,0.0,0.0,0.0,0.0,0.0,25.42787170410156,0.2295839602652637,14623.761285514976,2194.797553065813,0.0344569570287276,6.664943695068359,18.237247467041016,0.9858519681667302,220.5972908614049,63696.7899178084,689.3165193731131,0.0,0.0,0.0034142422820457,0.9858519681667302,0.0106687330427593,0.0,0.0,64386.1064371815,0.2303438352973015,14830.94269660066,0.9965207012094892,26017.1
LV,Latvia,2018,64610.90708806681,540571,63757.20279239764,0.2546954751014709,0.0,6.147579193115234,0.0,0.0,0.0,0.0,0.0,24.136978149414062,0.2544559681382259,16223.400762324742,2221.178744827706,0.0348380833466012,7.309460639953613,18.317569732666016,0.986786994113772,220.3505127655568,63757.20279239764,629.1504228797107,0.0,0.0,0.00341042283256,0.986786994113772,0.0097375265452032,0.0,0.0,64386.35321527736,0.2549247841545795,16413.677195905097,0.9965245206589752,28153.4
LV,Latvia,2019,64610.90708806681,539674,63652.00669906838,0.2611447870731354,0.0,5.925291538238525,0.0,0.0,0.0,0.0,0.0,22.689680099487305,0.2608883112484669,16606.064535296053,2328.746489352925,0.0365855942352719,7.134406089782715,20.96814346313477,0.9851588465134622,218.20537350454333,63652.00669906838,736.4916554699955,0.0,0.0,0.0033772219481011,0.9851588465134622,0.0113988750299718,0.0,0.0,64388.498354538366,0.2614260432829408,16832.83035775711,0.996557721543434,29567.0
LV,Latvia,2020,64610.90708806681,541110,63821.29059859672,0.2406471818685531,0.0,4.134986877441406,0.0,0.0,0.0,0.0,0.0,17.182777404785156,0.2404457966593111,15345.56106180499,2191.6731004955845,0.0343407831452373,7.003150939941406,27.29800796508789,0.9877788979437512,217.6122850354352,63821.29059859672,567.8008444107542,0.0,0.0,0.0033680425618978,0.9877788979437512,0.0087880029858863,0.0,0.0,64389.09144300746,0.2411590203617471,15528.010214378635,0.9965669009296372,29224.3
LV,Latvia,2021,64610.90708806681,540557,63756.01717866705,0.2631238400936126,0.0,4.766922950744629,0.0,0.0,0.0,0.0,0.0,18.11665153503418,0.262896649896727,16761.243327029744,2610.5213266401947,0.0409454894167021,6.424566745758057,20.142446517944336,0.9867686440582776,221.63601429049208,63756.01717866705,629.0505350853714,0.0,0.0,0.0034303188777151,0.9867686440582776,0.0097359805555423,0.0,0.0,64385.067713752425,0.2635306139407398,16967.436423221283,0.9965046246138202,32283.8
LV,Latvia,2022,64610.90708806681,540568,63757.810271527575,0.2708297967910766,0.0,3.09116530418396,0.0,0.0,0.0,0.0,0.0,11.41368293762207,0.2705382486021264,17248.926325565735,3182.647017434894,0.0499177591557935,5.421287536621094,23.62500762939453,0.9867963962280172,220.69789926722436,63757.810271527575,628.1955572481046,0.0,0.0,0.0034157994247999,0.9867963962280172,0.0097227478387179,0.0,0.0,64386.00582877567,0.2721065214225436,17519.85207435977,0.9965191440667348,36088.7
LV,Latvia,2023,64610.90708806681,540584,63759.60692971616,0.2688407301902771,0.0,7.720747947692871,0.0,0.0,0.0,0.6043657064437866,0.0,28.718669891357425,0.2686511886657512,17129.094190529315,5293.830524551944,0.0830279667562484,3.2372031211853027,16.956268310546875,0.9868242035792764,222.22618723978135,63759.60692971616,624.8706110869746,0.0,0.0,0.0034394531396514,0.9868242035792764,0.0096712867726072,0.0,0.0,64384.47754080314,0.2716047977727469,17487.1330021738,0.996495490351884,39564.2
LV,Latvia,2024,64610.90708806681,540947,63801.89521694487,0.2578548491001129,0.0,4.698570251464844,0.0,0.0,0.0,0.52165287733078,0.0,18.221763610839844,0.257659384312232,16439.157039551555,3399.2497912350773,0.0532781946316272,4.838216304779053,22.310571670532227,0.9874787105214412,219.8528470111704,63801.89521694487,584.9556640868759,0.0,0.0,0.0034027203288061,0.9874787105214412,0.0090535126412876,0.0,0.0,64386.85088103176,0.259709512031696,16721.877623570334,0.9965322231627292,40652.3
LV,Latvia,2025,64610.90708806681,540319,63728.16467665694,0.2607530653476715,0.0,5.559104442596436,0.0,0.0,0.0,0.0,0.0,21.31942176818848,0.2605132023414558,16602.028259259547,3080.0273548084147,0.048330708571882,5.393119812011719,26.02472877502441,0.9863375635601794,215.60669294717167,63728.16467665694,662.9323584387969,0.0,0.0,0.0033370014857289,0.9863375635601794,0.0102603784456268,0.0,0.0,64391.097035095765,0.262197591009148,16883.190525038404,0.9965979420058066,43026.2
ME,Montenegro,2012,13885.120262202185,86728,13684.111470751515,0.5346491932868958,0.0,4.182807445526123,0.0,0.0,0.5194419622421265,1.2893956899642944,0.0,7.823461532592773,0.537279648682366,7352.194603535709,1438.2642649691418,0.1051046878742032,5.111227512359619,43.75751876831055,0.9855234389292364,196.0482308757255,13684.111470751512,4.288230804843664,0.0,0.0,0.0141193037707713,0.9855234389292362,0.0003088364179687,0.0,0.0,13688.399701556356,0.5373711794342929,7355.751492193361,0.9858322753472047,3169.3
ME,Montenegro,2013,13885.120262202185,86745,13686.814787941195,0.541175127029419,0.0,4.224735736846924,0.0,0.0,0.0,1.3000720739364624,0.0,7.806596279144287,0.5438673813652225,7443.812117948382,1335.017703681309,0.0975404229812132,5.574000835418701,44.86891555786133,0.9857181305947484,195.41218805586124,13686.814787941195,2.2209564350252147,0.0,0.0,0.0140734962582793,0.9857181305947484,0.0001599522649487,0.0,0.0,13689.035744376222,0.5439007490183184,7445.476794704761,0.985878082859697,3329.6
ME,Montenegro,2014,13885.120262202185,86738,13685.695990740036,0.5344626903533936,0.0,3.988645315170288,0.0,0.0,0.5321983695030212,1.3578532934188845,0.0,7.462906837463379,0.5372173554095716,7352.193407084739,1466.1702856511354,0.107131583709237,5.013326168060303,31.886232376098636,0.9856375553328828,196.20945910046817,13685.695990740036,2.542482591579437,0.0,0.0,0.0141309153536527,0.9856375553328828,0.0001831084314408,0.0,0.0,13688.238473331612,0.5372540185234627,7354.061126304877,0.9858206637643234,3447.2
ME,Montenegro,2015,13885.120262202185,86753,13688.08622574806,0.5441598892211914,0.0,4.029926776885986,0.0,0.0,0.5355103015899658,1.4582277536392212,0.0,7.4057769775390625,0.5469546468656851,7486.762367871079,1454.9491660611534,0.1062931035110161,5.144671440124512,43.8752326965332,0.9858096989631062,195.41161901273657,13688.08622574806,0.9500876712832448,0.0,0.0,0.0140734552760542,0.9858096989631062,6.842487881574608e-05,0.0,0.0,13689.036313419349,0.5469707321593891,7487.502214907444,0.9858781238419222,3615.0
ME,Montenegro,2016,13885.120262202185,86730,13684.432002719008,0.5387353897094727,0.0,3.9382848739624015,0.0,0.0,0.5261267423629761,1.5303305387496948,0.0,7.310239791870117,0.5414451411226888,7409.369216896032,1437.4479059601067,0.1050425699564655,5.154386520385742,46.63520050048828,0.9855465234946876,196.36691679408196,13684.432002719008,3.64901291899109,0.0,0.0,0.0141422553846096,0.9855465234946876,0.0002628002386788,0.0,0.0,13688.081015638,0.541497625926355,7412.063373455588,0.9858093237333668,3936.6
ME,Montenegro,2017,13885.120262202185,86738,13685.70829546462,0.5665526390075684,0.0,3.970860719680786,0.0,0.0,0.5750666856765747,1.769191026687622,0.0,7.008811473846436,0.5694207725181627,7792.926590061691,1526.6738448922465,0.1115524174512896,5.104033946990967,41.86122512817383,0.98563844151351,195.57086364665244,13685.708295464618,3.168773320809364,0.0,0.0,0.014084924001633,0.98563844151351,0.0002282136028331,0.0,0.0,13688.87706878543,0.5694615968649432,7795.289794878455,0.9858666551163432,4252.5
ME,Montenegro,2018,13885.120262202185,86733,13684.9049317607,0.5702291131019592,0.0,3.921926736831665,0.0,0.0,0.6253098845481873,1.8301398754119875,0.0,6.877808570861816,0.5731201267148821,7843.094448571807,1637.2637929780765,0.1196401291161491,4.789626598358154,45.1192626953125,0.985580583627604,195.57252504824925,13684.9049317607,3.970475623132706,0.0,0.0,0.0140850436550148,0.985580583627604,0.0002859518353572,0.0,0.0,13688.875407383832,0.5731864378903898,7846.277733483697,0.9858665354629612,4600.9
ME,Montenegro,2019,13885.120262202185,86738,13685.699124973618,0.5705201625823975,0.0,3.966509103775024,0.0,0.0,0.5941492319107056,1.84710705280304,0.0,6.9524431228637695,0.5734604437645979,7848.207093436141,1560.0241218477126,0.1139893627356592,5.030064582824707,43.23575592041016,0.9856377810589496,195.731264603338,13685.699124973618,3.017542855125904,0.0,0.0,0.0140964760050479,0.9856377810589496,0.0002173220539789,0.0,0.0,13688.716667828745,0.5734954270938816,7850.41641178358,0.9858551031129285,4898.4
ME,Montenegro,2020,13885.120262202185,86739,13685.869978673025,0.5689734220504761,0.0,3.981086015701294,0.0,0.0,0.5972333550453186,1.8991128206253047,0.0,6.996963024139404,0.5719045403958466,7827.011180070311,1553.825206774272,0.1135349969856231,5.0364508628845215,49.802764892578125,0.9856500858641064,194.77478560827683,13685.869978673025,3.8031681507811546,0.0,0.0,0.0140275908260218,0.9856500858641064,0.0002739024278481,0.0,0.0,13689.673146823803,0.571935717580299,7829.613034668423,0.9859239882919544,4144.8
ME,Montenegro,2021,13885.120262202185,86732,13684.753473829642,0.6292276382446289,0.0,4.141039848327637,0.0,0.0,0.7352590560913086,2.2065558433532715,0.0,6.581147193908691,0.63242414858357,8654.568564262763,1855.8921689336096,0.1356175083813361,4.662466526031494,39.65629577636719,0.985569675696798,196.0502409109473,13684.753473829642,3.6442176914966105,0.0,0.0,0.0141194485325871,0.985569675696798,0.0002624548885915,0.0,0.0,13688.397691521131,0.632447141463611,8657.187991219633,0.985832130585389,4923.2
ME,Montenegro,2022,13885.120262202185,86742,13686.334830976168,0.7056939601898193,0.0,4.258181571960449,0.0,0.0,0.911318063735962,2.5189504623413086,0.0,6.034034252166748,0.709310807045883,9707.865204459884,2523.14600527552,0.184355127682899,3.846264362335205,41.294471740722656,0.9856835643140128,195.41325583289196,13686.334830976168,2.6998456230225565,0.0,0.0,0.0140735731590919,0.9856835643140128,0.0001944416448715,0.0,0.0,13689.034676599187,0.7093297028701535,9710.038899731331,0.9858780059588844,5944.4
ME,Montenegro,2023,13885.120262202185,86735,13685.227200326404,0.6913384795188904,0.0,3.902034759521485,0.0,0.0,0.9831347465515136,2.543083906173706,0.0,5.644174098968506,0.6950076446639029,9511.337523189231,2683.4784415687664,0.1960857793800283,3.542669773101806,46.436893463134766,0.9856037932620632,196.0498535068164,13685.227200326404,3.170878598862409,0.0,0.0,0.0141194206319191,0.9856037932620632,0.000228365223994,0.0,0.0,13688.398078925264,0.6950343640775358,9513.907054025984,0.985832158486057,7068.8
ME,Montenegro,2024,13885.120262202185,86745,13686.819628639072,0.6563593149185181,0.0,4.0033159255981445,0.0,0.0,0.8504457473754883,2.4902405738830566,0.0,6.0992751121521,0.6599530856317466,9032.658846405511,2075.158136286781,0.151617263366619,4.350235939025879,42.48417663574219,0.9857184792195915,196.04832465178131,13686.819628639072,1.579979141232252,0.0,0.0,0.0141193105244799,0.9857184792195915,0.000113789373905,0.0,0.0,13688.3996077803,0.6599591807669862,9033.78499116182,0.9858322685934962,7644.5
ME,Montenegro,2025,13885.120262202185,86718,13682.523346749167,0.8221147656440735,0.0,4.356363773345947,0.0,0.5184524655342102,1.2091625928878784,3.009751796722412,0.5184524655342102,5.298972606658936,0.8263876162624817,11307.0678529758,3627.8070701508514,0.2651416685514212,3.113738536834717,42.25459671020508,0.9854090629661654,195.4114623733973,13682.523346749167,6.513123309517384,0.0,0.0,0.0140734439949607,0.9854090629661654,0.0004690721568503,0.0,0.0,13689.036470058683,0.8263899061304821,11312.481563508542,0.9858781351230156,8170.7
MK,North Macedonia,2012,25422.523369280378,155660,25018.262527328225,0.4820579886436462,0.0,4.545424461364746,0.0,0.0,0.613411545753479,1.4574556350708008,0.0,9.429206848144531,0.4809737488532851,12033.12751756472,3187.389005822384,0.1274024925728035,3.778686046600342,48.84419250488281,0.9840983195853544,402.4957124514144,25018.262527328225,3.0722124478383064,0.0,0.0,0.015832248695571,0.9840983195853544,0.000120846086095,0.0,0.0,25021.334739776063,0.4810079351001173,12035.460556628515,0.9842191656714496,7584.8
MK,North Macedonia,2013,25422.523369280378,155660,25018.274004549483,0.4809406399726867,0.0,4.945412635803223,0.0,0.0,0.5638005137443542,1.4004536867141724,0.0,10.282792091369627,0.4797970618164883,12003.694359102672,2822.752195307909,0.1128276153180911,4.256736278533936,53.91801834106445,0.9840987710441296,402.4921319167435,25018.274004549483,3.064315761249304,0.0,0.0,0.0158321078545294,0.9840987710441296,0.0001205354683615,0.0,0.0,25021.338320310733,0.4799118547957803,12008.036882773058,0.9842193065124912,8149.6
MK,North Macedonia,2014,25422.523369280378,155663,25018.755401505536,0.4749308824539184,0.0,4.695887088775635,0.0,0.0,0.5725301504135132,1.366395354270935,0.0,9.887516975402832,0.4738999536473839,11856.38702508871,2909.1001960854937,0.1162767751392795,4.079525470733643,39.72677993774414,0.9841177068888944,402.6541303462634,25018.755401505536,2.2597864774141314,0.1611338982622623,0.0,0.0158384800948915,0.9841177068888944,8.888914938100805e-05,6.338233853566656e-06,0.0,25021.015187982943,0.4740194119288434,11860.446905270335,0.9842065960382752,8562.0
MK,North Macedonia,2015,25422.523369280378,155665,25019.07733744365,0.4885310530662536,0.0,5.039829730987549,0.0,0.0,0.5894732475280762,1.4035826921463013,0.0,10.316293716430664,0.4874497116024182,12195.542032695505,2993.6761065762994,0.1196557357491338,4.077816486358643,49.53859329223633,0.9841303703028852,402.1697659119418,25019.07733744365,2.4222149736208918,0.1611338982622623,0.0,0.0158194275237802,0.9841303703028852,9.527830650154126e-05,6.338233853566656e-06,0.0,25021.49955241727,0.4876942880457599,12202.84241005344,0.9842256486093868,9072.3
MK,North Macedonia,2016,25422.523369280378,155649,25016.478899316106,0.4777281880378723,0.0,4.891881465911865,0.0,0.0,0.5715129375457764,1.3790764808654783,0.0,10.23988437652588,0.4765716310305506,11922.14415168843,2873.519026910817,0.1148650470945922,4.153377056121826,50.45595550537109,0.9840281602236652,403.1452636062593,25016.478899316106,4.206289305110454,0.0,0.0,0.0158577989191035,0.9840281602236652,0.0001654552242517,0.0,0.0,25020.685188621213,0.4770412636463692,11935.899279677858,0.984193615447917,9656.5
MK,North Macedonia,2017,25422.523369280378,155652,25016.971672615546,0.4902394413948059,0.0,5.26645565032959,0.0,0.0,0.5641116499900818,1.397463321685791,0.0,10.742619514465332,0.4890635531268236,12234.889054682451,2808.4396578109217,0.1122613757797527,4.361382007598877,47.60464859008789,0.984047543559154,402.6541496024213,25016.971672615546,4.204630009508848,0.0,0.0,0.0158384808523363,0.984047543559154,0.0001653899555301,0.0,0.0,25021.17630262505,0.4891065661719915,12238.021622960943,0.984212933514684,10038.3
MK,North Macedonia,2018,25422.523369280378,155655,25017.45755574601,0.4986227452754974,0.0,4.816823959350586,0.0,0.0,0.5772016644477844,1.4348359107971191,0.0,9.66025733947754,0.497455368808354,12445.068575040974,2869.4023048333597,0.1146959997209754,4.34199333190918,51.24957656860352,0.9840666558684794,401.5246110220346,25017.45755574601,4.848285459427356,0.0,0.0,0.0157940502282012,0.9840666558684794,0.0001907082703397,0.0,0.0,25022.305841205445,0.4975059360610386,12448.74568993451,0.9842573641388196,10744.0
MK,North Macedonia,2019,25422.523369280378,155647,25016.15556387572,0.5281685590744019,0.0,4.920055389404297,0.0,0.0,0.5820817947387695,1.5453554391860962,0.0,9.315313339233398,0.5269451409660131,13182.1416200342,2877.0068218025285,0.1150059534310314,4.58698034286499,52.941444396972656,0.9840154417599748,402.1706867946522,25016.15556387572,5.5042015571055405,0.0,0.0,0.0158194637468843,0.9840154417599748,0.0002165088601612,0.0,0.0,25021.65976543282,0.5269932597709818,13186.246044665862,0.984231950620136,11262.0
MK,North Macedonia,2020,25422.523369280378,155650,25016.644419703687,0.5256302356719971,0.0,4.617332935333252,0.0,0.0,0.5570259094238281,1.5349491834640503,0.0,8.784374237060547,0.5243795690093745,13118.217218864993,2728.2867969298595,0.1090588630176554,4.814024448394775,55.56977844238281,0.9840346710009464,401.8473906735799,25016.644419703687,5.338641850206137,0.0,0.0,0.0158067468298271,0.9840346710009464,0.0002099965362469,0.0,0.0,25021.9830615539,0.5244149310650366,13121.901522335302,0.9842446675371936,10851.7
MK,North Macedonia,2021,25422.523369280378,155652,25016.966045169924,0.5926072597503662,0.0,4.506601810455322,0.0,0.0,0.7241544723510742,1.9404569864273071,0.0,7.604702472686768,0.5912289554333335,14790.754702996988,3568.326087818046,0.1426362445939758,4.149557113647461,51.360328674316406,0.9840473222024642,400.7112095419412,25016.966045169924,6.153197515610695,0.0,0.0,0.0157620549196208,0.9840473222024642,0.0002420372449355,0.0,0.0,25023.11924268553,0.5912725305332074,14795.483036456872,0.9842893594473998,11834.7
MK,North Macedonia,2022,25422.523369280378,155657,25017.775743713995,0.4935227632522583,0.0,3.384554624557495,0.0,0.0,0.7168618440628052,1.6504848003387451,0.0,6.857950210571289,0.4925153229673815,12321.637900340822,3902.112954067225,0.1559736162815224,3.160937547683716,52.56301498413086,0.9840791718553216,401.8478058587923,25017.775743713995,4.206902654687404,0.0,0.0,0.0158067631612198,0.9840791718553216,0.000165479350479,0.0,0.0,25021.982646368684,0.4925626159078084,12324.893227495146,0.9842446512058008,13243.2
MK,North Macedonia,2023,25422.523369280378,155662,25018.581135526583,0.4692089855670929,0.0,2.632352828979492,0.0,0.0,0.7657662034034729,1.7234169244766235,0.0,5.610192775726318,0.4683450727323865,11717.329201579312,4348.908849183266,0.1738271577282926,2.697020530700684,45.939697265625,0.984110852102042,401.84655119479226,25018.581135526583,3.4027655060973165,0.0,0.0,0.0158067138087625,0.984110852102042,0.0001338484562161,0.0,0.0,25021.983901032687,0.468389345826048,11720.030670674603,0.9842447005582582,14667.4
MK,North Macedonia,2024,25422.523369280378,155665,25019.075386835244,0.5135249495506287,0.0,2.9959518909454346,0.0,0.0,0.7748122215270996,2.036051750183105,0.0,5.834092140197754,0.5124618840492147,12821.322509906922,3771.289345533839,0.150736559494051,3.403348922729492,45.033451080322266,0.9841302935753166,401.6812696275546,25019.075386835244,3.073795764670849,0.0,0.0,0.015800212425527,0.9841302935753166,0.0001209083661767,0.0,0.0,25022.14918259992,0.5124952796534652,12823.733342867272,0.9842512019414936,15672.0
MK,North Macedonia,2025,25422.523369280378,155635,25014.23190608038,0.6866527795791626,0.0,3.445755243301392,0.0,0.5178844928741455,1.0611015558242798,2.478990077972412,0.5178844928741455,5.018191814422607,0.6853881268929287,17144.457551773765,6707.7290500626505,0.2681565068736792,2.558651924133301,52.447021484375,0.983939774298984,401.8436698679392,25014.23190608038,7.754876279162646,0.0,0.0,0.0158066004711991,0.983939774298984,0.0003050395968377,0.0,0.0,25021.98678235953,0.6854232983762645,17150.652712292165,0.9842448138958212,16949.1
MT,Malta,2012,308.51870128284503,1773,308.25013420678897,15.250986099243164,8.42147445678711,17.70229721069336,2.9654576778411865,21.485496520996094,41.1997184753418,50.955753326416016,18.520038604736328,1.160731315612793,15.255015304072156,4702.360514806862,299.9157027299533,0.9729621156588224,15.675362586975098,55.08234786987305,0.9991294949870484,0.521260053091526,308.25013420678897,0.1735759927105903,0.0,0.0,0.001689557394492,0.9991294949870484,0.0005626109275996,0.0,0.0,308.4237101994996,15.246957852682424,4702.523310179709,0.9996921059146482,7479.5
MT,Malta,2013,308.51870128284503,1769,307.5555505732665,15.511602401733398,8.654205322265625,17.817432403564453,3.140331983566284,22.317705154418945,41.244022369384766,49.50927734375,19.1773738861084,1.148651957511902,15.515834343393548,4771.980974085999,299.56934352006124,0.974033285894794,15.925726890563965,51.6353874206543,0.9968781448075152,0.521260053091526,307.5555505732665,0.8681596262331008,0.0,0.0,0.001689557394492,0.9968781448075152,0.0028139611071329,0.0,0.0,308.4237101994996,15.474708785923776,4772.767098011405,0.9996921059146482,8129.4
MT,Malta,2014,308.51870128284503,1773,308.2501522633338,15.441950798034668,8.574085235595703,18.211130142211918,3.0206339359283447,22.09506607055664,40.762481689453125,49.12061309814453,19.074432373046875,1.1793283224105835,15.446284484363623,4761.319544207858,301.6528680404758,0.9785976286648448,15.780158996582031,47.36153411865234,0.9991295535136296,0.521260053091526,308.2501522633338,0.1735579361658096,0.0,0.0,0.001689557394492,0.9991295535136296,0.0005625524010186,0.0,0.0,308.4237101994996,15.438003381353662,4761.446280949517,0.9996921059146482,8948.5
MT,Malta,2015,308.51870128284503,1773,308.25016129299684,15.176079750061035,8.151972770690918,18.2731876373291,2.9753739833831787,21.34697723388672,39.423187255859375,49.239036560058594,18.37160301208496,1.204078197479248,15.180478424297288,4679.3849227944975,299.7424959654534,0.9724001269233504,15.607417106628418,55.79977416992188,0.9991295827814276,0.521260053091526,308.25016129299684,0.1735489065027237,0.0,0.0,0.001689557394492,0.9991295827814276,0.0005625231332204,0.0,0.0,308.4237101994996,15.172492750139696,4679.556506973095,0.9996921059146482,10221.4
MT,Malta,2016,308.51870128284503,1773,308.25016129299684,15.096969604492188,7.556090354919434,19.09370994567871,2.716350793838501,21.159873962402344,40.80690383911133,50.53434753417969,18.443523406982425,1.2647379636764526,15.101805209694236,4655.133891703668,295.40083517748093,0.9583152655569824,15.754518508911133,57.44218826293945,0.9991295827814276,0.521260053091526,308.25016129299684,0.1735489065027237,0.0,0.0,0.001689557394492,0.9991295827814276,0.0005625231332204,0.0,0.0,308.4237101994996,15.093845486668362,4655.299826176229,0.9996921059146482,10864.3
MT,Malta,2017,308.51870128284503,1773,308.2497468887119,15.592248916625977,8.078109741210938,19.78469657897949,2.787400484085083,21.76136589050293,40.97968292236328,51.82968521118164,18.97396469116211,1.2688802480697632,15.597414432348472,4807.899050889759,296.26936388889783,0.9611341676003406,16.22362518310547,61.24422073364258,0.9991282395750573,0.521260053091526,308.2497468887119,0.1739633107876777,0.0,0.0,0.001689557394492,0.9991282395750573,0.0005638663395908,0.0,0.0,308.4237101994996,15.589134558402762,4808.058719301818,0.9996921059146482,12535.7
MT,Malta,2018,308.51870128284503,1774,308.4237101994996,15.693292617797852,7.909543991088867,19.90045928955078,3.052097797393799,22.1618709564209,42.3170166015625,52.22078323364258,19.109773635864254,1.2680869102478027,15.698595790322782,4841.819158573599,296.96529817818305,0.9628484722724304,16.299705505371094,51.44701385498047,0.9996921059146482,0.521260053091526,308.4237101994996,0.0,0.0,0.0,0.001689557394492,0.9996921059146482,0.0,0.0,0.0,308.4237101994996,15.698595790322782,4841.819158573599,0.9996921059146482,13678.6
MT,Malta,2019,308.51870128284503,1774,308.4237101994996,15.565509796142578,7.437401294708252,20.0623722076416,2.848741054534912,21.37689018249512,41.604793548583984,53.637977600097656,18.528148651123047,1.2888991832733154,15.570760778688312,4802.391809991899,296.26993111823367,0.960593888604075,16.204938888549805,60.34554672241211,0.9996921059146482,0.521260053091526,308.4237101994996,0.0,0.0,0.0,0.001689557394492,0.9996921059146482,0.0,0.0,0.0,308.4237101994996,15.570760778688312,4802.391809991899,0.9996921059146482,14594.2
MT,Malta,2020,308.51870128284503,1774,308.4237101994996,16.30621910095215,7.643716812133789,20.619918823242188,2.9561879634857178,22.84017562866211,45.02938461303711,57.71763610839844,19.88398742675781,1.2645431756973269,16.31180052898861,5030.946039184828,294.70623349742624,0.9555239229396456,17.066213607788086,62.43799209594727,0.9996921059146482,0.521260053091526,308.4237101994996,0.0,0.0,0.0,0.001689557394492,0.9996921059146482,0.0,0.0,0.0,308.4237101994996,16.31180052898861,5030.946039184828,0.9996921059146482,14362.4
MT,Malta,2021,308.51870128284503,1773,308.25016129299684,16.835559844970703,8.386276245117188,20.97963523864746,3.104074001312256,23.18719291687012,45.66435241699219,58.79235076904297,20.083118438720703,1.2461501359939575,16.84132251006192,5191.340380113966,297.6597828937888,0.9656435592611364,17.435422897338867,60.44444274902344,0.9991295827814276,0.521260053091526,308.25016129299684,0.1735489065027237,0.0,0.0,0.001689557394492,0.9991295827814276,0.0005625231332204,0.0,0.0,308.4237101994996,16.832382527265807,5191.50587055655,0.9996921059146482,16703.0
MT,Malta,2022,308.51870128284503,1774,308.4237101994996,17.109249114990234,8.698598861694336,21.216670989990234,3.2854278087615967,23.41764068603516,45.27532577514648,59.10115051269531,20.132213592529297,1.2400702238082886,17.11489859729851,5278.640525067018,301.6545724996104,0.978052473023197,17.493837356567383,59.91544342041016,0.9996921059146482,0.521260053091526,308.4237101994996,0.0,0.0,0.0,0.001689557394492,0.9996921059146482,0.0,0.0,0.0,308.4237101994996,17.11489859729851,5278.640525067018,0.9996921059146482,18028.1
MT,Malta,2023,308.51870128284503,1773,308.25014323459675,17.3990478515625,9.0132417678833,21.173770904541016,3.457537651062012,23.6226749420166,45.740631103515625,59.659515380859375,20.165138244628903,1.2169499397277832,17.40460641281972,5364.97241969346,303.91129433104874,0.9859242598948416,17.647890090942383,63.50648498535156,0.999129524248833,0.521260053091526,308.25014323459675,0.1735669649028778,0.0,0.0,0.001689557394492,0.999129524248833,0.0005625816658153,0.0,0.0,308.4237101994996,17.39526495895351,5365.112158543789,0.9996921059146482,20914.5
MT,Malta,2024,308.51870128284503,1774,308.4237101994996,17.877450942993164,9.281352996826172,21.71510124206543,3.3880748748779297,24.40057182312012,47.47321701049805,61.29094314575195,21.012496948242188,1.214664340019226,17.883119517611384,5515.578071562789,302.17481380263325,0.9797392476965394,18.24775505065918,55.4498291015625,0.9996921059146482,0.521260053091526,308.4237101994996,0.0,0.0,0.0,0.001689557394492,0.9996921059146482,0.0,0.0,0.0,308.4237101994996,17.883119517611384,5515.578071562789,0.9996921059146482,23079.3
MT,Malta,2025,308.51870128284503,1769,307.5551273740034,19.557470321655277,9.943402290344238,24.70533561706543,3.758507490158081,25.434659957885746,51.06549835205078,67.42658233642578,21.6761531829834,1.2632173299789429,19.56361824319445,6016.891100682047,305.47243222067505,0.9932282216488764,19.6910457611084,58.5234603881836,0.9968767730940296,0.521260053091526,307.5551273740034,0.8685828254961968,0.0,0.0,0.001689557394492,0.9968767730940296,0.0028153328206185,0.0,0.0,308.4237101994996,19.51110540545393,6017.687519243613,0.9996921059146482,24664.0
NL,Netherlands,2012,37374.240489679774,245518,32383.756642776632,8.916509628295898,0.7118442058563232,134.501953125,0.0,2.95448637008667,11.7191743850708,21.69115829467773,2.95448637008667,15.084596633911133,8.954012133940573,289964.5499220006,21369.854319666712,0.6598942351067034,13.574438095092772,27.794300079345703,0.866472635122012,2002.9563151366165,32383.756642776632,2981.9386369613558,0.2625009025354385,0.0,0.0535918934778004,0.866472635122012,0.0797859327143989,7.023578247909104e-06,0.0,35365.69527973799,8.261689018700045,292180.3763313034,0.9462585678364112,658232.0
NL,Netherlands,2013,37374.240489679774,249013,32844.21141449517,8.142256736755371,0.6601927280426025,126.4162368774414,0.0,2.8677189350128174,11.466141700744627,21.025529861450195,2.8677189350128174,15.525945663452148,8.17824344382811,268607.9566682995,20118.77785064171,0.6125517095460744,13.359037399291992,28.203807830810547,0.8787927455961148,2005.068434886458,32844.21141449517,2519.634246395518,0.0,0.0,0.053648406191428,0.8787927455961148,0.0674163331049167,0.0,0.0,35363.84566089067,7.646040866839141,270393.4091317621,0.9462090787010312,665567.0
NL,Netherlands,2014,37374.240489679774,247584,32656.27113848802,9.248734474182127,0.7546685338020325,160.6143035888672,0.0,3.012126922607422,11.548717498779297,21.0789737701416,3.012126922607422,17.366085052490234,9.289663029030516,303365.7546612084,22951.78580206879,0.7028293495217303,13.21619987487793,31.85230827331543,0.8737641410400157,2003.867464347025,32656.27113848802,2708.6426731817423,0.0,0.0,0.0536162725474075,0.8737641410400157,0.0724735175268561,0.0,0.0,35364.913811669765,8.635390580791903,305389.84361981053,0.9462376585668718,678627.0
NL,Netherlands,2015,37374.240489679774,253280,33408.87515761891,8.285257339477539,0.6525878310203552,137.24244689941406,0.0,2.65417742729187,11.1199312210083,20.50165557861328,2.65417742729187,16.56465721130371,8.322127612003134,278032.9224351859,20416.35705939589,0.6111057903947398,13.627618789672852,28.42121315002441,0.893901112635163,2004.2779846266933,33408.87515761891,1955.7609535315323,0.0,0.0,0.0536272565908098,0.893901112635163,0.0523291156664864,0.0,0.0,35364.636111150445,7.904306364578661,279532.91829437483,0.9462302283016496,699175.0
NL,Netherlands,2016,37374.240489679774,250027,32978.37233717242,8.212873458862305,0.6746847629547119,130.59388732910156,0.0,2.737947702407837,11.34592342376709,20.568063735961918,2.737947702407837,15.90112018585205,8.25029738226156,272081.3789646207,20712.65886518833,0.6280679547620223,13.139155387878418,35.58958435058594,0.8823824084473049,2002.207673219439,32978.37233717242,2388.334085385292,0.0,0.0,0.0535718625177764,0.8823824084473049,0.0639032139273783,0.0,0.0,35366.706422557705,7.743379859480641,273857.842208598,0.946285622374683,720175.0
NL,Netherlands,2017,37374.240489679774,243680,32135.79784912317,8.149782180786133,0.75001060962677,120.80379486083984,0.0,3.0974197387695312,11.564935684204102,20.579967498779297,3.0974197387695312,14.82294750213623,8.187787884909117,263121.0963009392,21996.063614145784,0.6844723046061216,11.961756706237791,24.37541389465332,0.8598381513062959,2005.069539404907,32135.79784912317,3228.046707249061,0.0,0.0,0.0536484357443617,0.8598381513062959,0.0863708978418017,0.0,0.0,35363.84455637222,7.507519839617387,265494.7646121097,0.9462090491480972,750861.0
NL,Netherlands,2018,37374.240489679774,244762,32283.069802701342,8.34200382232666,0.7510610818862915,118.7066650390625,0.0,3.232797861099243,12.333399772644045,21.91925621032715,3.232797861099243,14.22999382019043,8.38059401388885,270551.30153847474,22099.91698834772,0.6845667751986358,12.238693237304688,25.39801597595215,0.8637786180996971,2002.824043104957,32283.069802701342,3083.0202499708384,0.0,0.0,0.0535883543548664,0.8637786180996971,0.0824905124378958,0.0,0.0,35366.090052672174,7.711642832997655,272730.65488583903,0.9462691305375928,787273.0
NL,Netherlands,2019,37374.240489679774,243624,32126.66189772907,8.14035415649414,0.7878051400184631,109.09807586669922,0.0,3.367285251617432,12.566651344299316,22.253395080566406,3.367285251617432,13.402129173278809,8.181129764665865,262832.38989086804,21777.241331161968,0.677855713752238,12.066917419433594,30.325502395629883,0.8595937061677621,2003.3503587939167,32126.66189772907,3238.9018392541584,0.0,0.0,0.0536024366661606,0.8595937061677621,0.0866613420585369,0.0,0.0,35365.563736983226,7.50079142672432,265269.7172796363,0.9462550482262988,829767.0
NL,Netherlands,2020,37374.240489679774,243347,32094.89959385312,7.979209899902344,0.7406409382820129,128.19654846191406,0.0,3.350554943084717,12.582964897155762,22.022947311401367,3.350554943084717,16.066320419311523,8.017653455408503,257325.78262964543,20805.17028528479,0.6482391454270022,12.37179946899414,30.210805892944336,0.858743861369318,2003.3430640075392,32094.89959385312,3270.6714379164805,0.0,0.0,0.0536022414839634,0.858743861369318,0.0875113820391779,0.0,0.0,35365.57103176961,7.338964791167166,259546.68062167865,0.946255243408496,816463.0
NL,Netherlands,2021,37374.240489679774,246701,32539.994005797525,7.622874736785889,0.8006230592727661,117.24964904785156,0.0,3.4966108798980717,12.971516609191896,22.50750732421875,3.4966108798980717,15.381290435791016,7.660456090960155,249271.1952815186,22365.64857682831,0.6873279869948196,11.14155101776123,25.13818359375,0.8706529839658644,2001.633528354478,32539.994005797525,2827.286561625136,0.0,0.0,0.0535565004700816,0.8706529839658644,0.0756480004565133,0.0,0.0,35367.28056742266,7.1070765907672735,251357.9717998279,0.9463009844223778,891550.0
NL,Netherlands,2022,37374.240489679774,244984,32310.28139820396,5.187390804290772,0.8850094079971313,46.66714859008789,0.5089811086654663,3.489008903503418,12.69581699371338,21.379045486450195,2.980027675628662,8.99626636505127,5.2169350565484685,168560.63971323613,24599.913038035287,0.761364865098412,6.83873176574707,31.438779830932617,0.8645067023402353,1999.433865839696,32310.28139820396,3059.198831733488,0.0,0.0,0.0534976454275185,0.8645067023402353,0.0818531371247057,0.0,0.0,35369.48022993745,4.835055078454237,171013.38500804582,0.9463598394649412,993820.0
NL,Netherlands,2023,37374.240489679774,240963,31784.90357090024,5.32408332824707,0.9208469986915588,43.89072799682617,0.5958101749420166,3.575972557067871,12.153148651123049,20.31209754943848,2.9801623821258545,8.243809700012207,5.3515358598797,170098.05126249098,27620.771321645934,0.8689902506714963,6.138752937316895,21.93865394592285,0.8504494848444364,2007.4421660492608,31784.90357090024,3576.568358827638,0.0,0.0,0.0537119186837677,0.8504494848444364,0.0956960813642552,0.0,0.0,35361.47192972788,4.889427831381926,172897.36501184225,0.9461455662086916,1050133.0
NL,Netherlands,2024,37374.240489679774,238045,31392.648707758864,5.771617412567139,0.8995659351348877,53.56151580810547,0.5392268896102905,3.797534942626953,12.850947380065918,21.219078063964844,3.258307933807373,9.280157089233398,5.801635192062999,182128.6955150049,24900.049519269836,0.7931809052198787,7.301285266876221,24.050642013549805,0.8399541581701809,2002.9399153014392,31392.648707758864,3973.3254727168296,0.0,0.0,0.0535914546773068,0.8399541581701809,0.1063118720449715,0.0,0.0,35365.9741804757,5.234576566820352,185125.8997078917,0.9462660302151524,1115252.0
NL,Netherlands,2025,37374.240489679774,245760,32416.74100638733,5.548536777496338,0.8846021890640259,42.70405197143555,0.0,3.788024425506592,13.515544891357422,22.485748291015625,3.788024425506592,7.696453094482422,5.577120828606529,180792.08146226616,23582.330263644308,0.7274738154275808,7.657967567443848,29.65942001342773,0.8673551778353498,1998.6173830273408,32416.74100638733,2953.5557063624715,0.0,0.0,0.0534757992895995,0.8673551778353498,0.0790265077675101,0.0,0.0,35370.29671274979,5.176337286943323,183088.5857244556,0.9463816856028596,1170579.0
NO,Norway,2012,322124.3279995564,2393672,234136.01903316035,0.5612665414810181,0.0,6.381011486053467,0.0,0.5019742250442505,0.8235222101211548,0.9491179585456848,0.5019742250442505,11.368950843811035,0.5519966476158978,129242.29759243656,53417.82501704939,0.2281486856983073,2.231621503829956,11.065348625183104,0.7268498485885325,2760.66719815646,234136.01903316032,84897.67986310403,328.4937658576498,0.0,0.008570191563303,0.7268498485885324,0.2635556289409502,0.0010197732282365,0.0,319033.69889626425,0.4410056419782899,140695.66119445546,0.9904054775294824,408646.0
NO,Norway,2013,322124.3279995564,2754677,266451.54444469814,0.5675687193870544,0.0,6.063580513000488,0.0,0.5286610722541809,0.8269937038421631,0.9468604922294616,0.5286610722541809,10.683429718017578,0.5441935537967331,145001.21288598844,62111.71021543976,0.2331069626369946,2.102433443069458,11.897757530212402,0.8271698884073887,2748.541333270045,266451.54444469826,52747.2003606818,175.57372162822818,0.0,0.0085325481323901,0.8271698884073891,0.1637479562262507,0.0005450495549919,0.0,319198.74480538047,0.4861763518128757,155186.88125272898,0.9909178446336412,406481.2
NO,Norway,2014,322124.3279995564,2696653,261567.86624280323,0.4965449273586273,0.0,5.500416278839111,0.0,0.0,0.8477431535720825,0.9485301971435548,0.0,11.07737922668457,0.4783390061450455,125118.1131780627,53700.08842127099,0.2053007855767087,2.0766143798828125,12.482255935668944,0.812009039699614,2761.885271844887,261567.86624280337,57773.52682402637,19.58152160375309,0.0,0.0085739729408102,0.8120090396996144,0.1793516409729411,6.078870765631852e-05,0.0,319341.3930668297,0.4261652976060306,136092.2198142499,0.9913606806725554,389086.7
NO,Norway,2015,322124.3279995564,2805148,270243.9647479958,0.5443425178527832,0.0,5.218966007232666,0.0,0.5963429808616638,0.8478216528892517,0.9449764490127563,0.5963429808616638,9.587651252746582,0.524050951171754,141621.60677461314,71625.90059481726,0.2650416288171647,1.7883589267730713,11.889158248901367,0.8389430454578021,2777.66685211306,270243.96474799584,48996.1171639019,105.11109626756094,0.0,0.008622965143188,0.8389430454578023,0.1521031257346367,0.0003263059853948,0.0,319240.08191189764,0.4598856213481723,146813.92342929446,0.9910461711924388,361028.8
NO,Norway,2016,322124.3279995564,3205721,299417.27072172746,0.5203908085823059,0.0,5.550610065460205,0.0,0.5812059044837952,0.8136583566665649,0.919380784034729,0.5812059044837952,10.666234016418455,0.5103815017149668,152817.03627035202,79964.64068844121,0.2670675625881273,1.6821099519729614,13.46408462524414,0.929508406214323,2741.300114633313,299417.2707217274,19936.497133899964,27.791890017620087,0.0,0.0085100685553842,0.9295084062143228,0.0618906906463997,8.627690491498165e-05,0.0,319353.7678556277,0.4909928907984743,156800.42966681952,0.9913990968607236,346542.3
NO,Norway,2017,322124.3279995564,2748847,262986.7925896483,0.5531638264656067,0.0,6.110666275024414,0.0,0.5249148607254028,0.8398728370666504,0.9465936422348022,0.5249148607254028,11.046756744384766,0.535044318650654,140709.58925524924,60614.78136632284,0.230486028478636,2.085942506790161,12.426392555236816,0.8164139424763052,2759.778426917244,262986.79258964816,56349.33500487292,26.953838840057376,0.0,0.0085674324694937,0.8164139424763048,0.1749303921091937,8.367526602987433e-05,0.0,319336.1275945211,0.4808863039592513,153564.37011958915,0.9913443345854984,368640.5
NO,Norway,2018,322124.3279995564,3306683,307244.87501317565,0.4597927927970886,0.0,5.813075065612793,0.0,0.0,0.6801161766052246,0.8112165331840515,0.0,12.642814636230469,0.4661214000297388,143213.41129310356,63994.15865889192,0.2082838929571978,1.915144920349121,13.543356895446776,0.9538083538154832,2723.6718933664074,307244.87501317577,12139.879641975032,14.433311761245726,0.0,0.0084553436565342,0.9538083538154836,0.0376869381998113,4.480664919312025e-05,0.0,319384.75465515075,0.4541475493995112,145047.80364220086,0.9914952920152948,385198.6
NO,Norway,2019,322124.3279995564,2574759,246543.5487407635,0.6314322352409363,0.0,7.079584121704102,0.0,0.5021427869796753,0.8558475375175476,0.9687038660049438,0.5021427869796753,11.21194553375244,0.6167466561222519,152054.90927437932,54308.63171905904,0.2202800762641883,2.5141756534576416,12.31255054473877,0.7653676773556297,2745.186608867722,246543.5487407636,72351.08004125723,483.0444693897987,0.0,0.0085221337547392,0.76536767735563,0.2246060721044232,0.0014995591062295,0.0,318894.62878202094,0.4977272757449316,158722.55483336654,0.9899737494600536,378978.5
NO,Norway,2020,322124.3279995564,2963045,279683.61878584494,0.4324648678302765,0.0,6.241635799407959,0.0,0.0,0.6394345760345459,0.8256950974464417,0.0,14.432700157165527,0.4368998045679986,122193.71838840628,45359.70753064915,0.1621822104832721,2.344268798828125,11.86571216583252,0.8682474264602272,2760.731130488289,279683.61878584494,39619.05777964318,59.45216430203868,0.0,0.0085703900342854,0.8682474264602272,0.1229930630377527,0.0001845627887568,0.0,319302.67656548804,0.4005932331466668,127910.49155775332,0.9912404894979796,335661.0
NO,Norway,2021,322124.3279995564,2672884,251816.90767748127,0.706096887588501,0.0,7.861252307891846,0.0,0.6191069483757019,0.8490028977394104,0.9513593912124634,0.6191069483757019,11.133390426635742,0.6961896559098274,175312.32630826245,76076.07896418187,0.3021087013808365,2.0575191974639893,11.302367210388184,0.7817382475931096,2749.22292476448,251816.9076774812,67390.4586926999,166.27056533282757,0.0,0.0085346640591773,0.7817382475931095,0.2092063617523253,0.0005161689164099,0.0,319207.36637018115,0.5678240628197232,181253.6236543001,0.9909446093454348,440848.6
NO,Norway,2022,322124.3279995564,3016217,286187.70845068,0.6192322373390198,0.0,7.7159833908081055,0.0,0.5831720232963562,0.8767572641372681,0.98368239402771,0.5831720232963562,12.460564613342283,0.6128730307654833,175396.72824599672,82569.21853014453,0.288514202713825,1.933753252029419,13.403303146362305,0.8884386666103471,2741.920875848965,286187.70845068,33147.055785662866,46.17474808657026,0.0,0.0085119956411759,0.8884386666103472,0.1029014355777205,0.0001433444917784,0.0,319334.7642363427,0.5714971052101675,182498.89335404115,0.9913401021880672,587476.0
NO,Norway,2023,322124.3279995564,2461957,237722.7205255305,0.9219971299171448,0.0,8.571946144104004,0.0,0.7282285690307617,0.9306357502937316,1.587872862815857,0.7282285690307617,9.29715061187744,0.9002842935612934,214018.031511796,104785.7790293288,0.44078992028057,1.939899563789368,11.35089874267578,0.7379843739273795,2758.568205887585,237722.72052553063,80886.14932560947,755.4218032508292,0.0,0.0085636754697129,0.73798437392738,0.251102267959472,0.0023451249644574,0.0,318608.86985114,0.7586547874072943,241714.14442299487,0.9890866418868516,464330.3
NO,Norway,2024,322124.3279995564,2978724,281367.4287887792,0.7131910920143127,0.0,6.679687023162842,0.0,0.6938589811325073,0.8906205892562866,0.9863600134849548,0.6938589811325073,9.365915298461914,0.6984447369278991,196519.59978045823,113673.67307760184,0.4040043780722607,1.5849934816360474,11.284950256347656,0.8734746317861676,2769.883532889789,281367.4287887793,37945.56835469546,39.97918391394425,0.0,0.0085988026737726,0.8734746317861679,0.1177978968255627,0.0001241110355191,0.0,319312.99714347505,0.6446456646793512,205843.73928431128,0.9912725286117317,462846.4
NO,Norway,2025,322124.3279995564,2132334,214791.5434752007,0.8038262128829956,0.0,8.936321258544922,0.0,0.5342599153518677,0.8815352320671082,1.9039610624313357,0.5342599153518677,11.117230415344238,0.7646130985164782,164232.42759171006,55386.18154610597,0.2578601589708336,2.8874900341033936,12.501068115234377,0.666797024642909,2760.3481748176114,214791.5434752008,104564.4868124118,6.481397848209857,0.0,0.0085692011899871,0.6667970246429092,0.3246090956922564,2.0120795869285548e-05,0.0,319356.0302876125,0.5921866095387539,189118.36481177688,0.9914061203351656,470358.7
PL,Poland,2012,311937.61106153886,2242487,296566.6522960326,1.005854845046997,0.0,8.29085922241211,0.0,0.0,0.8992769122123718,3.595109701156616,0.0,8.242600440979004,1.0137386384184957,300641.0742989115,71067.88767644558,0.2396354651685708,4.23264741897583,22.234594345092773,0.950724253118442,432.8928232137079,296566.6522960327,14940.713778481804,0.0,0.0,0.0013877544991787,0.9507242531184424,0.0478964807342013,0.0,0.0,311507.36607451405,0.9896541277938125,308284.550673821,0.9986207338526424,387660.3
PL,Poland,2013,311937.61106153886,2269377,300153.88859034184,0.9640814661979676,0.0,10.028096199035645,0.0,0.0,0.8814737796783447,3.4923291206359863,0.0,10.401710510253906,0.9712680503483312,291529.8821756116,62797.54162966178,0.2092178179819271,4.642743110656738,22.59685707092285,0.962224104906438,432.7211344490914,300153.8885903418,11353.649172937196,0.0,0.0,0.0013872041046173,0.9622241049064378,0.0363971793407668,0.0,0.0,311507.5377632791,0.9538749779694377,297139.2457212616,0.9986212842472052,390177.0
PL,Poland,2014,311937.61106153886,2263349,299368.0408954574,1.0170449018478394,0.0,9.45134449005127,0.0,0.5044070482254028,0.9464516043663024,3.7180116176605225,0.5044070482254028,9.292946815490724,1.024575443877861,306725.14338330884,76430.02197747948,0.2553045467006603,4.015972137451172,27.739437103271484,0.959704858534671,431.6116365902156,299368.0408954575,12140.469113185223,0.1372524951534271,0.0,0.0013836473105035,0.9597048585346714,0.0389195425068192,4.399998278064329e-07,0.0,311508.5100086428,1.0096640050050611,314518.9298084855,0.998624401041491,408714.7
PL,Poland,2015,311937.61106153886,2268498,300020.2145402017,0.985173225402832,0.0,10.768820762634276,0.0,0.0,0.9131505489349364,3.702238321304321,0.0,10.930891036987305,0.9934707025797986,298061.2933273961,65194.03534487132,0.2172988091645256,4.576429843902588,31.498367309570312,0.9617955767476012,431.6904223791561,300020.2145402017,11488.353935147212,0.0,0.0,0.0013838998795627,0.9617955767476012,0.0368290117246579,0.0,0.0,311508.5684753491,0.9760515601371326,304048.4242564493,0.99862458847226,432485.8
PL,Poland,2016,311937.61106153886,2261287,299062.0573084389,1.0151959657669067,0.0,8.218148231506348,0.0,0.0,0.933031678199768,3.896285533905029,0.0,8.095134735107422,1.0232666964929362,306020.24342838745,67797.14894789606,0.226699266226117,4.514525890350342,24.65652084350586,0.958723945761834,430.4125492108355,299062.0573084389,12447.789040078476,0.0,0.0,0.0013798033130603,0.958723945761834,0.0399047392769279,0.0,0.0,311509.84634851705,1.0032977501425482,312537.12798871804,0.9986286850387612,427658.6
PL,Poland,2017,311937.61106153886,2230121,294952.02093243983,1.06321120262146,0.0,9.2337646484375,0.0,0.0,0.983994960784912,4.149339199066162,0.0,8.684788703918457,1.071961091593576,316177.09032646945,73285.66114213654,0.2484663807708677,4.313886642456055,22.68816566467285,0.9455481175505056,433.6851672519913,294952.02093243983,16554.55279803632,0.0,0.0,0.0013902945713283,0.9455481175505056,0.0530700762299883,0.0,0.0,311506.57373047585,1.0395523197626022,323827.3813428162,0.998618193780493,469071.2
PL,Poland,2018,311937.61106153886,2252114,297839.05922503874,1.0957610607147217,0.0,10.147722244262695,0.0,0.0,1.1199440956115725,4.361988544464111,0.0,9.260890007019045,1.1045681138708694,328983.5278852752,72002.53593461553,0.2417498098535573,4.572879791259766,29.3096923828125,0.9548032961189832,430.98098057425113,297839.0592250387,13670.218692115055,0.0,0.0,0.0013816255728432,0.9548032961189832,0.0438235666599953,0.0,0.0,311509.27791715413,1.0781283182571904,335846.9739223331,0.9986268627789798,503951.0
PL,Poland,2019,311937.61106153886,2268683,300067.13787584205,1.0794121026992798,0.0,10.607897758483888,0.0,0.0,1.2339274883270264,4.258309364318848,0.0,9.82747745513916,1.0882218459206707,326539.61467938125,72311.1485147552,0.2409832313749571,4.515764236450195,32.36525344848633,0.961946002133885,430.475509290801,300067.1378758418,11442.645512595536,0.0,0.0,0.0013800051485483,0.9619460021338844,0.0366824810693896,0.0,0.0,311509.78338843724,1.0689126067458885,332976.73458858154,0.9986284832032736,538423.5
PL,Poland,2020,311937.61106153886,2266694,299781.0632678567,1.0431053638458252,0.0,8.011255264282227,0.0,0.0,0.9941143989562988,4.2944512367248535,0.0,7.680197715759277,1.0521525108427507,315415.39842038497,64936.36876001449,0.216612644081502,4.865272998809815,33.582542419433594,0.9610289129537384,430.1571025505547,299781.0632678566,11729.03852732086,0.0,0.0,0.0013789844100129,0.961028912953738,0.0376005909880708,0.0,0.0,311510.10179517785,1.0315347123780974,321333.4832581606,0.99862950394181,531827.4
PL,Poland,2021,311937.61106153886,2259940,298902.944530369,1.104919195175171,0.0,9.701020240783691,0.0,0.5116429328918457,1.4413186311721802,4.566747665405273,0.5116429328918457,8.77984619140625,1.1140663990608064,332997.72708162013,77417.7292667733,0.2590062449482077,4.2998552322387695,21.88936424255371,0.95821386691136,433.5939800461059,298902.94453036913,12603.720387312876,0.0,0.0,0.0013900022461881,0.9582138669113603,0.0404046191942735,0.0,0.0,311506.6649176817,1.089941048797861,339523.90106790187,0.9986184861056332,583001.4
PL,Poland,2022,311937.61106153886,2271087,300390.20734831376,1.155497908592224,0.0,6.275801181793213,0.0,0.5784395337104797,1.6746058464050293,4.671888828277588,0.5784395337104797,5.431252956390381,1.164350806683038,349759.5802456942,92034.8378645565,0.306384281554953,3.8002231121063232,28.53349876403809,0.9629816883128368,429.9498449283309,300390.2073483135,11120.10170448628,0.0,0.0,0.0013783199899017,0.962981688312836,0.0356484800490842,0.0,0.0,311510.3090528,1.1454961589611448,356833.8624967815,0.9986301683619212,661712.3
PL,Poland,2023,311937.61106153886,2256255,298429.0503557405,1.1037904024124146,0.0,5.774856090545654,0.0,0.6176111698150635,1.4967780113220217,4.233013153076172,0.6176111698150635,5.231841087341309,1.111349843635908,331659.0784492647,109033.5995035518,0.3653585311938599,3.0369575023651123,22.667274475097656,0.9566946715407992,431.83868674111847,298429.05035574053,13079.36985524654,0.0,0.0,0.0013843751808945,0.9566946715407992,0.0419294416301285,0.0,0.0,311508.4202109869,1.092001049717882,340167.52186635684,0.9986241131709274,751931.7
PL,Poland,2024,311937.61106153886,2253624,298058.516739932,1.1171687841415403,0.0,5.742683410644531,0.0,0.5858919620513916,1.6356321573257446,4.579716682434082,0.5858919620513916,5.140389919281006,1.1255964984436584,335493.622773778,94224.68662972518,0.3161281471179701,3.5580108165740967,24.987468719482425,0.9555068262708828,432.8219915900216,298058.51673993195,13448.920166206108,0.0,0.0,0.0013875274293378,0.9555068262708826,0.0431141346516015,0.0,0.0,311507.436906138,1.1033734792958998,343709.0444856735,0.998620960922484,852229.8
PL,Poland,2025,311937.61106153886,2257086,298532.3063324418,1.1608538627624512,0.0,6.826513767242432,0.0,0.5663678050041199,1.7412257194519043,4.822624683380127,0.5663678050041199,5.880597114562988,1.1701255734717562,349320.28614709445,87889.89371302686,0.2944066415885783,3.974850654602051,30.910594940185547,0.9570256863753038,429.0446593543463,298532.3063324417,12978.90790593202,0.0,0.0,0.0013754181738274,0.9570256863753036,0.041607383802691,0.0,0.0,311511.21423837385,1.1470115251248962,357306.9529370655,0.9986330701779952,922865.5
PT,Portugal,2012,91955.42557078946,553869,91668.4723409327,2.4403069019317627,0.0,9.744956970214844,0.0,0.9626249074935912,4.668923854827881,10.706388473510742,0.9626249074935912,3.993332624435425,2.439932295446674,223664.86613890188,35040.16907824447,0.3822488603052458,6.363362312316895,49.762451171875,0.9968794312236,88.1834086468959,91668.47234093264,31.17501422042894,3.1955635707409376,0.0,0.0009589799416349,0.9968794312235996,0.0003390231084997,3.4751223768530296e-05,0.0,91699.64735515317,2.439323221542618,223685.0792006942,0.9972184543321002,168538.8
PT,Portugal,2013,91955.42557078946,553923,91677.5825397858,2.286221981048584,0.0,9.205240249633787,0.0,0.904524564743042,4.496276378631592,10.079198837280272,0.904524564743042,4.026398181915283,2.285913567578506,209567.02977049476,32229.953459182067,0.3515576280078618,6.482346057891846,58.33248901367188,0.996978503124976,88.33811719368077,91677.58253978584,24.76929930153108,0.3363710897140503,0.0,0.000960662371419,0.996978503124976,0.000269362021303,3.6579798051731474e-06,0.0,91702.35183908737,2.285499270470483,209585.6582286617,0.9972478651462792,170675.6
PT,Portugal,2014,91955.42557078946,553852,91665.54413092331,2.2916054725646973,0.0,9.00808048248291,0.0,1.0246351957321167,4.575207233428955,9.8842191696167,1.0246351957321167,3.930903673171997,2.2904547200408887,209955.7782197897,35341.79837397987,0.3855516127575938,5.922117233276367,51.78160095214844,0.9968475874254642,88.46071145425107,91665.54413092331,35.84417662255168,1.1773083706436154,0.0,0.0009619955636674,0.9968475874254644,0.0003897994751267,1.2803033245029087e-05,0.0,91701.38830754584,2.2898674918573616,209984.028043638,0.9972373869005908,173186.7
PT,Portugal,2015,91955.42557078946,553882,91670.52102412134,2.269140243530273,0.0,8.772692680358887,0.0,1.047325849533081,4.593294143676758,9.830418586730955,1.047325849533081,3.866086483001709,2.267839945312271,207894.06938609076,35521.607426326416,0.3874921515606919,5.834973812103272,55.676387786865234,0.9969017103134518,88.68423078365804,91670.52102412136,31.821072465729237,0.0,0.0,0.0009644262992985,0.996901710313452,0.0003460488847526,0.0,0.0,91702.3420965871,2.267309063976233,207917.55142344124,0.997247759198205,179392.7
PT,Portugal,2016,91955.42557078946,553884,91671.05742689052,2.2029449939727783,0.0,8.574631690979004,0.0,1.039760947227478,4.463546752929688,9.54973030090332,1.039760947227478,3.8923494815826416,2.2014988773530173,201813.73001106345,34314.781004760785,0.3743251356310306,5.861385822296143,54.88383865356445,0.996907543604591,87.34443356373072,91671.05742689052,32.62446691650534,0.0,0.0,0.0009498562267703,0.9969075436045912,0.000354785666142,0.0,0.0,91703.68189380704,2.20099520868216,201839.36446678225,0.9972623292707332,186380.7
PT,Portugal,2017,91955.42557078946,553924,91677.6779829634,2.219799280166626,0.0,8.61799144744873,0.0,1.0531023740768433,4.470837593078613,9.629362106323242,1.0531023740768433,3.882329225540161,2.2181550483489647,203355.30423882097,34243.9047861432,0.3735250012822838,5.918624877929688,57.57816696166992,0.9969795410537003,87.32921690218807,91677.67798296345,26.019127505149605,0.0,0.0,0.0009496907481001,0.9969795410537008,0.0002829536957024,0.0,0.0,91703.69711046858,2.2177410099628125,203375.04984709443,0.9972624947494034,195509.1
PT,Portugal,2018,91955.42557078946,553848,91665.2160312382,2.195274829864502,0.0,8.349757194519043,0.0,1.1410818099975586,4.42954158782959,9.369881629943848,1.1410818099975586,3.803513288497925,2.193907091015293,201104.96745038216,36403.38001260248,0.3971340666474481,5.504642963409424,51.18712615966797,0.996844019395812,88.52589649980116,91665.2160312382,37.28439963274455,0.0,0.0,0.0009627044402252,0.996844019395812,0.0004054616614659,0.0,0.0,91702.50043087098,2.19332428672019,201133.321347998,0.9972494810572784,204997.6
PT,Portugal,2019,91955.42557078946,553886,91671.38901832094,2.1814839839935303,0.0,8.329331398010254,0.0,1.1116955280303955,4.439231872558594,9.415637969970703,1.1116955280303955,3.818195104598999,2.1794034605497954,199788.9424599352,35470.26352654085,0.3869283961591545,5.613832473754883,57.76372909545898,0.9969111496063944,87.4904206556902,91671.38901832094,31.9787028492713,0.1681855448570251,0.0,0.0009514438121798,0.9969111496063944,0.0003477630890267,1.8289899025865737e-06,0.0,91703.36772117025,2.1789123085137185,199813.59665981744,0.9972589126954212,214489.9
PT,Portugal,2020,91955.42557078946,553873,91669.2514530086,2.006962299346924,0.0,7.802862644195557,0.0,1.0093475580215454,4.112808704376221,8.639735221862793,1.0093475580215454,3.88789701461792,2.004934160774185,183790.8137307356,33599.9850295044,0.3665349557995289,5.45071268081665,55.65527725219727,0.9968879039381904,89.32631022002316,91669.25145300858,32.11220261087609,0.3363615312662125,0.0,0.0009714088066642,0.9968879039381904,0.00034921487679,3.657875858638416e-06,0.0,91701.36365561944,2.004494684813804,183814.89603786689,0.9972371188149802,201032.7
PT,Portugal,2021,91955.42557078946,553807,91658.27594791964,2.077422380447388,0.0,7.948350429534912,0.0,1.1213932037353516,4.170268535614014,8.823846817016602,1.1213932037353516,3.826063632965088,2.075312921283701,190219.60441730477,36614.698439989166,0.3994696393896137,5.176958084106445,54.00836181640625,0.9967685471409072,87.19478408866192,91658.2759479197,45.55559536241412,0.0,0.0,0.000948228813552,0.9967685471409078,0.0004954095430437,0.0,0.0,91703.83154328208,2.074667062135062,190254.9187744296,0.9972639566839512,216493.7
PT,Portugal,2022,91955.42557078946,553798,91656.761455124,2.135991096496582,0.0,7.801082611083984,0.0,1.3095908164978027,4.340222358703613,8.848650932312012,1.3095908164978027,3.652207374572754,2.1331076336542454,195513.7375359512,41821.83564758012,0.4562875120572143,4.660144805908203,49.02918243408203,0.9967520772829708,88.69184036112452,91656.76145512404,45.06847525192523,0.5045566336693764,0.0,0.0009645090521912,0.9967520772829712,0.000490112192643,5.486969697953894e-06,0.0,91701.82993037596,2.1324552522007494,195550.0488714501,0.9972421894756142,243957.1
PT,Portugal,2023,91955.42557078946,553922,91677.4848852522,2.101109981536865,0.0,7.50383186340332,0.0,1.333749532699585,4.243709564208984,8.558005332946777,1.333749532699585,3.571365594863892,2.0986833129340425,192402.00770044173,45013.31302167568,0.4909963779876425,4.259927272796631,56.87114334106445,0.9969774411481216,87.15559265870596,91677.4848852522,25.544893062922952,0.8409563969235421,0.0,0.0009478026132521,0.9969774411481211,0.0002777964748067,9.14526132311958e-06,0.0,91703.02977831512,2.0983293205331344,192423.15616556176,0.997255237622928,270352.6
PT,Portugal,2024,91955.42557078946,553855,91666.32477463898,1.921651840209961,0.0,7.128097534179688,0.0,1.1643223762512207,4.02905797958374,8.032815933227539,1.1643223762512207,3.709359407424927,1.9203238728743623,176029.03180339385,38117.403989112,0.4158277762616028,4.5994873046875,49.71438980102539,0.996856076796383,88.16384410633137,91666.324774639,36.53770862542105,0.0,0.0,0.0009587671805016,0.9968560767963832,0.0003973415206185,0.0,0.0,91702.86248326446,1.91987965077137,176058.45959910474,0.997253418317002,289784.3
PT,Portugal,2025,91955.42557078946,553740,91647.32332202094,2.1840291023254395,0.5678714513778687,7.457608222961426,0.0,1.461592435836792,4.36575984954834,8.60837459564209,1.461592435836792,3.4146103858947754,2.1809528699622382,199878.49282351875,51284.48092232594,0.5595851473166086,3.8838369846344,55.50786972045898,0.9966494391510228,89.83910694268465,91647.32332202097,53.86389840710569,0.0,0.0,0.0009769853859631,0.9966494391510232,0.0005857609605171,0.0,0.0,91701.1872204281,2.1801661549154314,199923.8247435408,0.9972352001115404,306749.6
RO,Romania,2012,238379.2528475871,1585447,237613.4777363151,0.4202586114406585,0.0,3.293900728225708,0.0,0.0,0.6188582181930542,1.2021368741989136,0.0,7.837794780731201,0.4227153173799821,100442.85665506776,32119.298982258857,0.1351745670668662,3.120349884033203,35.56596374511719,0.9967875765104371,755.186331100949,237613.4777363151,12.903490749600172,0.0,0.0,0.0031680035996412,0.9967875765104371,5.4130091421380095e-05,0.0,0.0,237626.38122706467,0.4227363771777264,100453.3155217826,0.9968417066018586,139307.7
RO,Romania,2013,238379.2528475871,1585417,237608.9544667917,0.4016483426094055,0.0,3.2469675540924072,0.0,0.0,0.5732370615005493,1.1093132495880127,0.0,8.084105491638184,0.4038250578879933,95952.44979225771,28549.09522904887,0.1201515965301673,3.354122400283813,35.38814163208008,0.9967686014131109,753.625663347333,237608.9544667917,18.98742802656127,0.0,0.0,0.0031614566047372,0.9967686014131109,7.965218365165901e-05,0.0,0.0,237627.94189481827,0.4038561677221902,95967.5099573526,0.9968482535967624,142936.0
RO,Romania,2014,238379.2528475871,1585399,237606.12374671767,0.3925781846046448,0.0,3.15044903755188,0.0,0.0,0.5789052248001099,1.0676220655441284,0.0,8.025023460388184,0.3947779003830592,93801.64665088654,29592.417567218417,0.124544002067738,3.164012670516968,32.6752815246582,0.9967567265538676,757.0391583981084,237606.12374671767,18.40465304987025,0.0,0.0,0.0031757762026468,0.9967567265538676,7.720744498531365e-05,0.0,0.0,237624.52839976735,0.3948061657457841,93815.62894466236,0.9968339339988525,150528.8
RO,Romania,2015,238379.2528475871,1585402,237606.62451699743,0.3886586129665375,0.0,3.226118326187134,0.0,0.0,0.5488920211791992,1.0573967695236206,0.0,8.300647735595703,0.3908003722601573,92856.757312722,26852.885723810443,0.1130140448667898,3.4521641731262207,36.90541458129883,0.9967588272831626,755.9344989670906,237606.62451699743,19.0085422012682,0.0,0.0,0.0031711421608088,0.9967588272831626,7.974075752901919e-05,0.0,0.0,237625.63305919865,0.3908312737291753,92871.52883922822,0.9968385680406912,160289.0
RO,Romania,2016,238379.2528475871,1585364,237600.94444655912,0.4081604182720184,0.0,3.2751264572143555,0.0,0.0,0.6020740270614624,1.1677069664001465,0.0,8.024115562438965,0.4102878145387288,97484.77222931666,30231.22944284088,0.1272353084002174,3.21848464012146,31.997709274291992,0.9967349994106844,756.395378549133,237600.94444655912,24.2277330574708,0.0,0.0,0.0031730755487884,0.9967349994106844,0.0001016352420273,0.0,0.0,237625.17217961664,0.4103234158930456,97503.17235091342,0.996836634652712,167497.1
RO,Romania,2017,238379.2528475871,1585402,237606.84492772317,0.4125348329544067,0.0,3.3347058296203613,0.0,0.0,0.6076748967170715,1.2278801202774048,0.0,8.083453178405762,0.4145874027098072,98508.80470465666,29984.26513181341,0.1261927666306677,3.2790544033050537,35.818233489990234,0.996759751905264,753.1682587631431,237606.84492772317,21.554371679376843,0.0,0.0,0.0031595377943595,0.996759751905264,9.042050187630253e-05,0.0,0.0,237628.39929940243,0.414622825743297,98526.15839437475,0.99685017240714,186399.2
RO,Romania,2018,238379.2528475871,1585355,237599.55007077023,0.4286383390426636,0.0,3.315370798110962,0.0,0.0,0.6399921774864197,1.3437585830688477,0.0,7.7346577644348145,0.4307478831991416,102345.50324205274,31057.04670747752,0.1307117235627214,3.2868216037750244,35.708526611328125,0.9967291500098988,754.5664501447751,237599.55007077023,27.45103725074864,0.0,0.0,0.0031654032015412,0.9967291500098988,0.0001151569900602,0.0,0.0,237627.00110802104,0.4307862688820346,102366.44919295148,0.9968443069999592,204780.7
RO,Romania,2019,238379.2528475871,1585322,237594.7162626029,0.4556644558906555,0.0,3.331595659255981,0.0,0.0,0.7063096165657043,1.5040349960327148,0.0,7.311511039733887,0.4577695134881615,108763.61767088952,34719.3766953368,0.1461285723920013,3.1222851276397705,38.65075302124024,0.996708872204219,753.0077660678782,237594.7162626029,33.84352949503613,0.0,0.0,0.003158864528153,0.996708872204219,0.0001419734691285,0.0,0.0,237628.5597920977,0.4578181571258544,108790.66932448908,0.9968508456733466,223341.4
RO,Romania,2020,238379.2528475871,1585278,237587.8736293384,0.4757004082202911,0.0,3.4153318405151367,0.0,0.0,0.7251703143119812,1.657633900642395,0.0,7.1795854568481445,0.4778958911578283,113542.26859638616,33829.515140353746,0.1423873812395462,3.346026659011841,42.16667556762695,0.9966801673853944,750.9121575148604,237587.8736293384,42.78177131238127,0.0,0.0,0.0031500734587626,0.9966801673853944,0.0001794693573426,0.0,0.0,237630.65540065063,0.4779443391620931,113574.22656011906,0.9968596367427368,219839.8
RO,Romania,2021,238379.2528475871,1585247,237583.21992675765,0.5286116003990173,0.0,3.554807662963867,0.0,0.0,0.8526943325996399,1.8838512897491453,0.0,6.72480058670044,0.5308761469976502,126127.26438601244,41378.05756599037,0.1741623738357718,3.0391650199890137,38.10755920410156,0.9966606451219208,752.2531960295789,237583.21992675765,46.09443537839556,0.0,0.0,0.0031556991098992,0.9966606451219208,0.0001933659696796,0.0,0.0,237629.31436213615,0.5309219915804075,126162.62883903208,0.9968540110916012,240986.6
RO,Romania,2022,238379.2528475871,1585355,237599.58068586903,0.5752718448638916,0.0,3.5768866539001465,0.0,0.0,0.9581238627433776,2.0438356399536133,0.0,6.217732906341553,0.5777172695324619,137265.38099589816,50933.35911458157,0.2143663678511313,2.687480926513672,34.668922424316406,0.9967292784401144,751.816023055884,237599.58068586903,30.170849240767,0.0,0.0,0.0031538651710456,0.9967292784401144,0.0001265665903402,0.0,0.0,237629.7515351096,0.5777468304048503,137289.83575930167,0.9968558450304535,280777.4
RO,Romania,2023,238379.2528475871,1585288,237589.5676879186,0.601532518863678,0.0,3.480424642562866,0.0,0.0,1.0644216537475586,2.118358850479126,0.0,5.785929203033447,0.603894255882685,143478.9751843844,58844.97589994041,0.2476749146546499,2.4304816722869877,36.61735153198242,0.9966872739542756,756.3543412296222,237589.5676879186,35.64552901753713,0.0,0.0,0.0031729033973993,0.9966872739542756,0.0001495328498253,0.0,0.0,237625.21321693624,0.6039306243153141,143509.14337116393,0.9968368068041016,321577.9
RO,Romania,2024,238379.2528475871,1585211,237577.8003024292,0.6338423490524292,0.0,3.5428361892700195,0.0,0.0,1.1714272499084473,2.361464500427246,0.0,5.589459419250488,0.6363420300294315,151180.73973437466,56169.51950055643,0.236425791589342,2.682143211364746,34.23371505737305,0.9966379098198184,754.7081691090331,237577.8003024292,49.05908662753558,0.0,0.0,0.0031659977120222,0.9966379098198184,0.0002058026696597,0.0,0.0,237626.8593890565,0.6363795509509268,151220.8740718868,0.9968437124894772,353633.1
RO,Romania,2025,238379.2528475871,1585221,237579.4197094756,0.7031794786453247,0.0,3.762063980102539,0.0,0.538898766040802,1.305431246757507,2.5555436611175537,0.538898766040802,5.350076675415039,0.7060154601632161,167734.7433314953,65260.5859687977,0.2746895587530339,2.563471555709839,38.12862777709961,0.9966447032258176,752.1078688440662,237579.4197094756,50.03997984595084,0.0,0.0,0.0031550894629447,0.9966447032258176,0.0002099175127373,0.0,0.0,237629.45968932167,0.7060378143142962,167775.38433573584,0.9968546207385556,380058.1
RS,Serbia,2012,88404.65526586243,571468,88357.32308117658,0.8597689867019653,0.0,5.347081661224365,0.0,0.0,1.3321068286895752,3.0871329307556152,0.0,6.219207286834717,0.8547373569729123,75522.30479960657,21876.78434544812,0.2475944673578357,3.4649789333343506,40.44192886352539,0.9994645962416402,41.532733211614136,88357.32308117661,6.896508337350608,0.0,0.0,0.0004698025583235,0.9994645962416404,7.80106920456903e-05,0.0,0.0,88364.21958951399,0.8547364312548185,75528.1177025583,0.9995426069336864,35074.4
RS,Serbia,2013,88404.65526586243,571477,88358.74603096604,0.8640314340591431,0.0,5.348747253417969,0.0,0.0,1.2950379848480225,3.1154518127441406,0.0,6.190454483032227,0.8587566648626674,75878.66205299985,20664.47846657904,0.2338702097394751,3.6851017475128174,44.79948425292969,0.9994806921110848,39.82903396697568,88358.74603096607,7.177257792551279,0.0,0.0,0.000450530957303,0.9994806921110851,8.118642362177488e-05,0.0,0.0,88365.9232887586,0.8587507870377151,75884.3061715358,0.9995618785347068,37978.2
RS,Serbia,2014,88404.65526586243,571463,88356.59043886821,0.8403493762016296,0.0,5.225992679595947,0.0,0.0,1.2327489852905271,3.0078489780426025,0.0,6.2188334465026855,0.8351978009216576,73795.23003147829,20735.43292119193,0.2346789618997156,3.570712089538574,32.00227355957031,0.9994563088691464,41.21191373406338,88356.59043886821,7.949970123327017,0.0,0.0,0.0004661735698207,0.9994563088691464,8.992705304283798e-05,0.0,0.0,88364.54040899151,0.8351902184718513,73801.19980935035,0.9995462359221888,37014.0
RS,Serbia,2015,88404.65526586243,571454,88355.25929192852,0.8737030625343323,0.0,5.201104164123535,0.0,0.0,1.3249906301498413,3.2408063411712646,0.0,5.952942371368408,0.8682476677993639,76714.24781802502,21246.929092930422,0.2404715832787034,3.621915578842163,39.826210021972656,0.9994412514387918,40.91517765043998,88355.25929192848,9.577853146669865,0.0,0.0,0.0004628170035547,0.9994412514387914,0.0001083410496637,0.0,0.0,88364.83714507519,0.8682343262456949,76721.3848424649,0.9995495924884557,37219.6
RS,Serbia,2016,88404.65526586243,571481,88359.36548401146,0.8680347204208374,0.0,5.145685195922852,0.0,0.0,1.3249733448028564,3.2674241065979004,0.0,5.927971839904785,0.8628217190693568,76238.37962279236,20526.93673976977,0.2323119527548452,3.72600531578064,43.31756591796875,0.9994876991294772,40.291401506021735,88359.36548401146,6.095437208122016,0.0,0.0,0.0004557610839027,0.9994876991294772,6.894927863007885e-05,0.0,0.0,88365.46092121958,0.8628464126118957,76245.82095467097,0.9995566484081072,38164.7
RS,Serbia,2017,88404.65526586243,571460,88356.15718887605,0.9039866924285888,0.0,5.200850963592529,0.0,0.0,1.4317097663879397,3.4500772953033447,0.0,5.753238201141357,0.898914945159478,79424.67019394074,20923.773770605418,0.2368117224233434,3.8077666759490967,39.263954162597656,0.9994514081092164,40.74979799335002,88356.15718887605,8.8453358561883,0.0,0.0,0.0004609462914684,0.9994514081092164,0.000100055091325,0.0,0.0,88365.00252473228,0.9015452856966872,79665.05144674826,0.999551463200542,40828.4
RS,Serbia,2018,88404.65526586243,571458,88355.83885341352,0.9532670974731444,0.0,5.16037654876709,0.0,0.5070348978042603,1.5771735906600952,3.764317274093628,0.5070348978042603,5.413358688354492,0.9481895864782414,83778.0863053563,22340.95606384909,0.2528520622266264,3.7604901790618896,43.34115982055664,0.9994478072189512,40.75393948961186,88355.83885341353,9.159529822450398,0.0,0.0,0.0004609931385066,0.9994478072189514,0.0001036091345518,0.0,0.0,88364.99838323602,0.9481677701007152,83784.84347198618,0.9995514163535036,44710.6
RS,Serbia,2019,88404.65526586243,571472,88357.95169344127,0.9856984615325928,0.0,5.241824150085449,0.0,0.5028296113014221,1.686418056488037,3.976188898086548,0.5028296113014221,5.317877769470215,0.9810581221307908,86684.28616369062,22166.83432622348,0.2508753756892364,3.920402050018311,44.53557586669922,0.9994717068656542,40.44147031111312,88357.95169344127,7.359158973196267,0.0,0.0,0.0004574586054262,0.9994717068656542,8.324402092926905e-05,0.0,0.0,88365.31085241449,0.981043119181769,86690.18018611934,0.999554950886584,48104.5
RS,Serbia,2020,88404.65526586243,571453,88355.0486471522,1.000291109085083,0.0,5.317981243133545,0.0,0.0,1.7506791353225708,4.125213146209717,0.0,5.316433429718018,0.9956443880848874,87970.20834450431,21795.10375263765,0.2466763822368189,4.04734992980957,46.253692626953125,0.9994388687048092,40.74942516965413,88355.04864715223,9.954250403711796,0.0,0.0,0.0004609420742279,0.9994388687048096,0.0001125987129724,0.0,0.0,88365.00289755595,0.9956177991368118,87977.76970558266,0.9995514674177822,49024.2
RS,Serbia,2021,88404.65526586243,571451,88354.72840304188,1.1015794277191162,0.0,5.427289962768555,0.0,0.6179723739624023,2.0110714435577397,4.439123153686523,0.6179723739624023,4.926826000213623,1.0977286038030882,96989.51264927223,26969.55644811139,0.305241801265985,3.60624361038208,42.34147262573242,0.9994352462246427,39.987830305222026,88354.72840304188,11.036089378498316,0.0,0.0,0.0004523272013783,0.9994352462246427,0.0001248360659889,0.0,0.0,88365.76449242035,1.0976885651904926,96998.08923764588,0.9995600822906314,55931.3
RS,Serbia,2022,88404.65526586243,571468,88357.33277515271,1.1759306192398071,0.0,5.32065486907959,0.0,0.7157264947891235,2.1342287063598637,4.528470039367676,0.7157264947891235,4.524633407592773,1.1723378415396717,103584.64478982502,33782.48403969997,0.3823393370832949,3.074138641357422,38.66003036499024,0.999464705896229,39.98690122002363,88357.33277515268,8.432646352867366,0.0,0.0,0.0004523166919181,0.9994647058962288,9.538690386278382e-05,0.0,0.0,88365.76542150557,1.1723040966257123,103591.54880509769,0.9995600928000916,63512.8
RS,Serbia,2023,88404.65526586243,571451,88354.76450446587,1.1424460411071775,0.0,5.055793762207031,0.0,0.7270082235336304,2.050410509109497,4.315216064453125,0.7270082235336304,4.425411224365234,1.1391148885652658,100646.22772271492,34443.00681837779,0.389826253417685,2.9295451641082764,41.80329132080078,0.9994356545902868,40.28649558801055,88354.76450446589,10.701322671711685,0.0,0.0,0.000455705590015,0.999435654590287,0.0001210493117079,0.0,0.0,88365.46582713758,1.1390775080982425,100655.11461631626,0.9995567039019948,75205.2
RS,Serbia,2024,88404.65526586243,571448,88354.33411867701,1.1710429191589355,0.0,5.497026443481445,0.0,0.6859912276268005,2.169701337814331,4.583833694458008,0.6859912276268005,4.69412899017334,1.1675590417769552,103158.90168044348,29903.10095270172,0.3384452075948651,3.4555258750915527,39.00032806396485,0.9994307862291404,39.98323683774709,88354.33411867701,11.434967210847857,0.0,0.0,0.0004522752418128,0.9994307862291404,0.0001293480210567,0.0,0.0,88365.76908588785,1.1675127829751286,103168.16498520251,0.9995601342501972,83257.9
RS,Serbia,2025,88404.65526586243,571423,88350.43526984313,1.3197342157363892,0.0,5.809246063232422,0.0,0.8208414316177368,2.3688485622406006,4.917737007141113,0.8208414316177368,4.401830196380615,1.3176471212032077,116414.69669035915,38589.410370745645,0.4367766865311354,3.025011777877808,41.99384307861328,0.9993866839268108,40.60579096474409,88350.43526984313,14.711261917737009,0.0,0.0,0.0004593173384662,0.9993866839268108,0.000166408226733,0.0,0.0,88365.14653176084,1.3175623610472875,116426.59109867636,0.9995530921535436,88672.8
SE,Sweden,2012,449648.2637822119,3879638,388202.173520632,0.4129764139652252,0.0,3.954980611801148,0.0,0.0,0.5933449864387512,0.7662116289138794,0.0,9.576770782470703,0.4364501573563205,169430.8997191455,56952.88520093267,0.1467093413836998,2.69999623298645,14.723604202270508,0.8633463193102833,12015.409472681968,388202.17352063215,49247.50775868202,179.76716432577228,0.0,0.0267217966586025,0.8633463193102836,0.1095245144381012,0.0003997950816348,0.0,437449.6812793141,0.4032278360469536,176391.8883616874,0.9728708337483848,427901.2
SE,Sweden,2013,449648.2637822119,3915088,392503.92415304703,0.4432793259620666,0.0,4.441158771514893,0.0,0.0,0.63922119140625,0.838726818561554,0.0,10.018872261047363,0.4646943830874021,182394.36889368464,58858.02637850826,0.1499552558755006,2.778671264648437,14.9496488571167,0.8729132430124474,12001.535677769272,392503.9241530472,45088.5914967365,50.80658876904821,0.0,0.0266909418860388,0.8729132430124479,0.1002752487410365,0.0001129918490993,0.0,437592.5156497835,0.4336243437451735,189750.7674264369,0.973188491753484,439805.4
SE,Sweden,2014,449648.2637822119,3678091,370891.3977742104,0.446389764547348,0.0,4.310615062713623,0.0,0.0,0.6153817772865295,0.7765297889709473,0.0,9.656617164611816,0.4649884235268889,172460.20635071438,64897.15849326135,0.1749761759984769,2.3941149711608887,13.526321411132812,0.8248478369614085,12008.862578805434,370891.3977742103,66743.85851686558,0.7390464405193329,0.0,0.0267072366248965,0.8248478369614084,0.1484357082921888,1.6436101282874998e-06,0.0,437635.25629107625,0.4261939138116408,186517.4827006543,0.973283545253598,435639.5
SE,Sweden,2015,449648.2637822119,4324816,426457.7793426822,0.3743612170219421,0.0,4.422070503234863,0.0,0.0,0.5700322985649109,0.7114210724830627,0.0,11.81230926513672,0.3984553851948457,169924.39873732696,56961.04844197557,0.1335678493889174,2.621058464050293,16.798673629760742,0.9484252774725224,12012.518603810124,426457.7793426824,11162.381093418204,12.178876411307334,0.0,0.0267153674802765,0.9484252774725226,0.0248246951951419,2.708534068132463e-05,0.0,437620.1604361011,0.3957969290735643,173208.71560128935,0.9732499726676656,452337.2
SE,Sweden,2016,449648.2637822119,4309885,424709.2612192667,0.4421534538269043,0.0,4.489938259124756,0.0,0.0,0.6215708255767822,0.7632489800453186,0.0,10.154706001281738,0.4647236630312303,197372.44359710527,74571.86560125124,0.1755833281976671,2.3508453369140625,13.650598526000977,0.9445366421451936,12019.610121374242,424709.2612192661,12915.155572116124,0.8310035657100678,0.0,0.0267311387355783,0.944536642145192,0.0287227964887052,1.8481191469974545e-06,0.0,437624.4167913824,0.4594751942014948,201077.56389253636,0.973259438633898,463918.8
SE,Sweden,2017,449648.2637822119,3964246,395373.1212554186,0.3872787952423095,0.0,4.43248462677002,0.0,0.0,0.5002090930938721,0.6681353449821472,0.0,11.44520378112793,0.4141261927014679,163734.36540200232,39566.83512843392,0.1000746712442118,3.868686437606812,13.4124755859375,0.8792942241781199,12018.949054054206,395373.1212554186,42051.079696287496,201.70791056154349,0.0,0.0267296685479377,0.8792942241781199,0.0935199423268651,0.0004485904356994,0.0,437424.2009517061,0.3973220816957241,173798.2941062206,0.9728141665049848,474838.2
SE,Sweden,2018,449648.2637822119,4328944,426716.12325622415,0.3545372188091278,0.0,4.339383125305176,0.0,0.0,0.0,0.5744032859802246,0.0,12.239569664001465,0.3889653702408159,165977.79487008287,29577.79350300507,0.0693149189613463,5.380541801452637,14.826631546020508,0.9489998241445562,11960.381272344144,426716.12325622415,10942.079787075378,26.273600678138735,0.0,0.0265994161119171,0.9489998241445562,0.0243347537807355,5.843145141301916e-05,0.0,437658.20304329967,0.3847969939806354,168409.5609220283,0.973334577925292,465753.3
SE,Sweden,2019,449648.2637822119,3726191,374881.75646969455,0.4405936896800995,0.0,4.537715435028076,0.0,0.0,0.0,0.6905486583709717,0.0,10.29909324645996,0.4717807025248505,176861.97843102243,35951.134975462024,0.0958999320586258,4.750257015228272,13.069306373596191,0.8337222372802696,12033.209268209195,374881.7564696944,62573.14759353663,156.7445848819065,0.0,0.0267613827016521,0.8337222372802692,0.1391602117335074,0.0003485937731938,0.0,437454.9040632306,0.4251489420634365,185983.4896629446,0.972882449013776,474202.9
SE,Sweden,2020,449648.2637822119,4133384,410223.5158479354,0.347844123840332,0.0,3.832372903823853,0.0,0.0,0.0,0.586205005645752,0.0,11.017500877380373,0.3783847035882688,155222.30344905856,28229.901578936908,0.0688159027660456,5.272209167480469,15.801628112792969,0.912320915902898,12000.7921319594,410223.5158479355,27258.80203802569,161.6413685436759,0.0,0.0266892882694905,0.912320915902898,0.0606225003711535,0.0003594840268792,0.0,437482.31788596144,0.3647316391407853,159563.64289765683,0.9729434162740522,478106.9
SE,Sweden,2021,449648.2637822119,3389240,345953.3141216826,0.5189277529716492,0.0,5.225743293762207,0.0,0.0,0.5278918743133545,0.7230108380317688,0.0,10.070271492004396,0.5438022205331738,188130.18042018163,38936.06420439043,0.1125471634900869,4.539007663726807,14.692258834838867,0.7693865227271195,12031.2348385863,345953.3141216826,91382.0848204426,278.22413561048035,0.0,0.0267569916480621,0.7693865227271195,0.2032301516118023,0.0006187595016384,0.0,437335.3989421251,0.450163921126389,196872.61803516065,0.9726166743389216,533953.6
SE,Sweden,2022,449648.2637822119,4109197,408228.1004850808,0.5179443359375,0.0,5.040129661560059,0.0,0.0,0.6332123875617981,0.8206439018249512,0.0,9.73102569580078,0.5500218916094294,224534.39203692836,78704.46706699721,0.192795319512488,2.617592096328736,18.14937973022461,0.9078831908551678,11992.94138467185,408228.1004850806,29259.824049113293,163.99199745630884,0.0,0.0266718285172355,0.9078831908551676,0.065072694383371,0.0003647117328484,0.0,437487.9245341939,0.5350570383588862,234080.9932190417,0.9729558852385384,547190.4
SE,Sweden,2023,449648.2637822119,3293714,337352.2274380304,0.6750738620758057,0.0,5.632781028747559,0.0,0.5280827283859253,0.7154003381729126,0.9250679612159728,0.5280827283859253,8.343947410583496,0.6989349105264836,235787.2489003097,97246.3582235552,0.2882635723560438,2.294790506362915,13.423441886901855,0.7502580452560751,12067.741218837264,337352.2274380303,99846.44887930536,378.4403801492372,0.0,0.0268381803975613,0.750258045256075,0.2220545633590307,0.0008416364759556,0.0,437198.6763173349,0.6367165182488632,278371.6189677852,0.972312608615104,535176.8
SE,Sweden,2024,449648.2637822119,4145186,411660.2395110892,0.5549227595329285,0.0,4.707890033721924,0.0,0.5098927021026611,0.7547775506973267,0.915879726409912,0.5098927021026611,8.483865737915039,0.5727298109984555,235770.09117076508,99628.90820035528,0.2420173206882456,2.148082971572876,15.069584846496582,0.9155161326509152,12036.635403474656,411660.2395110887,25947.90195388065,0.0810478781342506,0.0,0.0267690022913212,0.915516132650914,0.0577071102991038,1.8024728362680026e-07,0.0,437608.1414649689,0.5581686444059378,244259.1431025036,0.9732232429500168,563572.2
SE,Sweden,2025,449648.2637822119,3793653,381500.4515215228,0.613074779510498,0.0,4.816509246826172,0.0,0.5522446632385254,0.8269667029380798,0.9513774514198304,0.5522446632385254,7.856316089630127,0.6267951039093226,239122.6151528864,102278.1629672404,0.2680944742249413,2.122485637664795,17.73207664489746,0.8484419539676091,12017.158834151724,381500.4515215227,56122.5304990868,4.7170615609340665,0.0,0.0267256871694989,0.8484419539676089,0.1248142937926918,1.0490558823148898e-05,0.0,437622.9820206089,0.568558477185876,248814.25623917943,0.9732562477602994,600390.8
SI,Slovenia,2012,20258.27210586369,135801,20256.17058069607,0.8128141164779663,0.0,3.657377243041992,0.0,0.5345039367675781,1.4858295917510986,3.583913803100586,0.5345039367675781,4.499647617340088,0.812842392830906,16465.074164403995,5540.724363348796,0.2735326670594417,2.971863985061645,30.7910099029541,0.999896263355698,0.8954185984115599,20256.17058069607,2.2275303817801477,0.0,0.0,4.420014667254785e-05,0.999896263355698,0.0001099565831745,0.0,0.0,20258.39811107785,0.8128436823816109,16466.91091976119,1.0000062199388726,35933.6
SI,Slovenia,2013,20258.27210586369,135807,20257.060330981883,0.7714070677757263,0.0,3.598164796829224,0.0,0.0,1.4187215566635132,3.467679738998413,0.0,4.664417743682861,0.7714611394159206,15627.534844156333,5003.198606814709,0.246985422616461,3.1238808631896973,32.74647903442383,0.999940183699998,0.8954185984115599,20257.060330981883,1.3377800959599018,0.0,0.0,4.420014667254785e-05,0.999940183699998,6.603623887412815e-05,0.0,0.0,20258.39811107785,0.7714617305002384,15628.57886393488,1.0000062199388726,36041.3
SI,Slovenia,2014,20258.27210586369,135811,20257.65506410667,0.7225026488304138,0.0,3.473680257797241,0.0,0.0,1.3030052185058594,3.2792773246765137,0.0,4.807844161987305,0.7224463938405796,14635.069848730222,4778.192814516324,0.2358709731899087,3.063114643096924,25.81339454650879,0.9999695412444954,0.8954185984115599,20257.65506410667,0.7430469711732863,0.0,0.0,4.420014667254785e-05,0.9999695412444954,3.6678694376812814e-05,0.0,0.0,20258.39811107785,0.7224464680920433,14635.608164550717,1.0000062199388726,37270.9
SI,Slovenia,2015,20258.27210586369,135805,20256.764596648925,0.7088355422019958,0.0,3.354435920715332,0.0,0.0,1.30463445186615,3.239985942840576,0.0,4.732318878173828,0.708822969523089,14358.46003432687,4656.735281990126,0.2298854419604841,3.0832905769348145,32.41004943847656,0.999925585498759,0.7469904674737453,20256.764596648925,1.7819425598614216,0.0,0.0,3.6873355416009616e-05,0.999925585498759,8.79612313700557e-05,0.0,0.0,20258.546539208783,0.708830257619531,14359.87076238462,1.0000135467301288,38493.9
SI,Slovenia,2016,20258.27210586369,135807,20257.06128299501,0.7128509879112244,0.0,3.405859470367432,0.0,0.0,1.2977354526519775,3.2150046825408936,0.0,4.7778000831604,0.7127683044702803,14438.591224230917,4588.203705519135,0.2264989793643339,3.1470694541931152,35.72636032104492,0.9999402306937952,0.8954185984115599,20257.06128299501,1.3368280828340056,0.0,0.0,4.420014667254785e-05,0.9999402306937952,6.598924507717838e-05,0.0,0.0,20258.39811107785,0.7127724464636077,14439.62798306669,1.0000062199388726,40013.2
SI,Slovenia,2017,20258.27210586369,135800,20256.01931346701,0.7291541695594788,0.0,3.422703504562378,0.0,0.0,1.3847148418426514,3.2817530632019043,0.0,4.694073677062988,0.729040012115027,14767.448565692212,4702.4695022789165,0.232151709055319,3.1404733657836914,33.791046142578125,0.9998887964193144,0.8954185984115599,20256.01931346701,2.378797610839128,0.0,0.0,4.420014667254785e-05,0.9998887964193144,0.0001174235195582,0.0,0.0,20258.39811107785,0.729042270661438,14769.228558863582,1.0000062199388726,42625.5
SI,Slovenia,2018,20258.27210586369,135802,20256.305467785834,0.6982695460319519,0.0,3.309844970703125,0.0,0.0,1.3035786151885986,3.1761629581451416,0.0,4.740067958831787,0.6982007636873815,14142.967947092951,4558.646498165128,0.2250482698049192,3.1025519371032715,30.92705535888672,0.9999029217266124,0.8954185984115599,20256.305467785834,2.092643292012215,0.0,0.0,4.420014667254785e-05,0.9999029217266124,0.0001032982122599,0.0,0.0,20258.39811107785,0.6982113773814841,14144.64404867812,1.0000062199388726,45462.4
SI,Slovenia,2019,20258.27210586369,135802,20256.317539091662,0.6987963318824768,0.0,3.3433971405029297,0.0,0.0,1.283496379852295,3.133432626724243,0.0,4.78450870513916,0.698694115304729,14152.969862307318,4497.42289819102,0.2220256909732811,3.147005081176758,35.992401123046875,0.999903517597068,0.8954185984115599,20256.317539091662,2.0805719861803054,0.0,0.0,4.420014667254785e-05,0.999903517597068,0.0001027023418042,0.0,0.0,20258.39811107785,0.6986998001619665,14154.538711811656,1.0000062199388726,48156.5
SI,Slovenia,2020,20258.27210586369,135804,20256.61836201929,0.6764667630195618,0.0,3.269596815109253,0.0,0.0,1.243419170379639,3.076736688613892,0.0,4.833344459533691,0.6763197592873164,13699.95125457592,4240.816896306329,0.2093546326694768,3.230426788330078,37.714656829833984,0.9999183669843232,0.8954185984115599,20256.61836201929,1.7797490585536957,0.0,0.0,4.420014667254785e-05,0.9999183669843232,8.785295454880148e-05,0.0,0.0,20258.39811107785,0.6763210492508913,13701.181066626446,1.0000062199388726,46738.7
SI,Slovenia,2021,20258.27210586369,135795,20255.28873397673,0.7451465129852295,0.0,3.4355509281158447,0.0,0.0,1.4026151895523071,3.336434364318848,0.0,4.610570907592773,0.7450114129464158,15090.42127933762,4961.549472649042,0.2449508144668614,3.0418508052825928,35.25419998168945,0.9998527331516048,0.5985735244231224,20255.28873397673,3.4062221751079558,0.0,0.0,2.9547116422128977e-05,0.9998527331516048,0.0001681398175179,0.0,0.0,20258.69495615184,0.7450078603725986,15092.886983223836,1.000020872969123,52032.4
SI,Slovenia,2022,20258.27210586369,135799,20255.88225317116,0.7971669435501099,0.0,3.683695316314697,0.0,0.5775017142295837,1.5530022382736206,3.3634371757507324,0.5775017142295837,4.620983600616455,0.7970102444276262,16144.14566569716,5942.10994062106,0.2933523144710615,2.7168898582458496,34.789886474609375,0.9998820307734024,0.8954185984115599,20255.88225317116,2.5158579066824918,0.0,0.0,4.420014667254785e-05,0.9998820307734024,0.0001241891654695,0.0,0.0,20258.39811107785,0.7970101514729768,16146.148947110029,1.0000062199388726,56901.5
SI,Slovenia,2023,20258.27210586369,135800,20256.02463244441,0.8187220096588135,0.0,3.313891649246216,0.0,0.655707836151123,1.583960771560669,3.2950167655944824,0.655707836151123,4.047639846801758,0.8186845663878193,16583.294742953738,7388.898512892009,0.3647753518751694,2.2444777488708496,35.59056091308594,0.99988905897761,0.8954185984115599,20256.02463244441,2.3734786334390643,0.0,0.0,4.420014667254785e-05,0.99988905897761,0.0001171609612624,0.0,0.0,20258.39811107785,0.8186817260551373,16585.18033268935,1.0000062199388726,64118.9
SI,Slovenia,2024,20258.27210586369,135783,20253.505330914533,0.79571133852005,0.0,3.3856985569000244,0.0,0.6186469197273254,1.5685431957244873,3.3352205753326416,0.6186469197273254,4.2549333572387695,0.7956957662910208,16115.628444361317,6566.066889398464,0.3241940978669087,2.454319715499878,34.12916946411133,0.9997646998261132,1.0462883280496595,20253.505330914533,4.741910433676958,0.0,0.0,5.164746147065597e-05,0.9997646998261132,0.0002340727979611,0.0,0.0,20258.247241348214,0.7956927992892249,16119.341456161575,0.9999987726240744,67477.8
SI,Slovenia,2025,20258.27210586369,135805,20256.764473403437,0.8030252456665039,0.0,3.5127482414245605,0.0,0.6211361885070801,1.5821731090545654,3.345118522644043,0.6211361885070801,4.374393463134766,0.8030443376879417,16267.080010244888,6557.552976347925,0.3237216380216006,2.480323076248169,36.04820251464844,0.999925579415047,0.8954185984115599,20256.764473403437,1.6336376744177343,0.0,0.0,4.420014667254785e-05,0.999925579415047,8.06405238255677e-05,0.0,0.0,20258.39811107785,0.8030485951773634,16268.47814364482,1.0000062199388726,71170.7
SK,Slovakia,2012,49015.97868620539,344555,48957.45622379983,0.6823301315307617,0.0,4.070194721221924,0.0,0.0,0.8968009352684021,2.2762820720672607,0.0,5.965139865875244,0.6846324849059462,33517.86490917416,9934.633981848943,0.2029238189262658,3.3703713417053223,29.502073287963867,0.9988060533733252,51.32542431505823,48957.45622379983,6.000347823125362,0.0,0.0,0.0010471161790655,0.9988060533733252,0.0001224161586477,0.0,0.0,48963.45657162295,0.6851977920604768,33549.65233452509,0.9989284695319728,73727.6
SK,Slovakia,2013,49015.97868620539,344531,48954.060099580885,0.6314125061035156,0.0,3.8209786415100098,0.0,0.0,0.8179084062576294,2.1507668495178223,0.0,6.051477432250977,0.6334909653157024,31011.954788606403,8180.522442619598,0.1671061077667311,3.787144422531128,27.7580623626709,0.9987367673096788,52.178032310916414,48954.06009958089,8.543864046200275,0.0,0.0,0.0010645106699787,0.998736767309679,0.0001743077313807,0.0,0.0,48962.60396362709,0.6341915156500828,31051.668017867418,0.9989110750410596,74642.7
SK,Slovakia,2014,49015.97868620539,344518,48952.17246167525,0.6284613609313965,0.0,3.61613392829895,0.0,0.0,0.8554273247718811,2.1369409561157227,0.0,5.753947734832764,0.6305132447690108,30864.993097303075,9424.774105884262,0.192530252120331,3.271230697631836,27.22811508178711,0.9986982566452745,52.7529996709938,48952.17246167525,9.856534591774464,0.0,0.0,0.0010762408725675,0.9986982566452745,0.0002010881931966,0.0,0.0,48962.02899626704,0.6338315917880117,31033.68077587472,0.9988993448384712,76562.3
SK,Slovakia,2015,49015.97868620539,344545,48956.050685686365,0.6234362721443176,0.0,3.6477513313293457,0.0,0.0,0.8123478293418884,2.1689014434814453,0.0,5.851041316986084,0.625450453094854,30619.584083097176,8167.770232236138,0.1668388302944585,3.744736671447754,31.4056396484375,0.9987773782728552,51.46910002734709,48956.050685686365,7.2622102243094435,0.0,0.0,0.0010500473806071,0.9987773782728552,0.0001481600575763,0.0,0.0,48963.31289591068,0.6259322173345044,30647.715008980504,0.9989255383304316,80376.3
SK,Slovakia,2016,49015.97868620539,344517,48952.07989417857,0.6369317173957825,0.0,3.651932716369629,0.0,0.0,0.886370837688446,2.2747132778167725,0.0,5.733633041381836,0.638886110567211,31274.80392776712,8733.349864746739,0.1784061041660727,3.5772783756256104,29.01058387756348,0.998696368128526,51.7595927302885,48952.07989417857,10.942509029162409,0.0,0.0,0.0010559738705136,0.998696368128526,0.0002232437119987,0.0,0.0,48963.02240320773,0.6400577472196072,31339.1618164603,0.998919611840525,81621.6
SK,Slovakia,2017,49015.97868620539,344537,48954.90949444844,0.6337020397186279,0.0,3.5769197940826416,0.0,0.0,0.9159590005874634,2.2772061824798584,0.0,5.644482135772705,0.6356936072863707,31120.32301090373,8625.565281694202,0.1761940808545944,3.6026298999786377,28.767963409423828,0.9987540962479212,51.32128579979705,48954.90949444842,8.266465562426568,0.2847501273708343,0.0,0.0010470317471033,0.9987540962479212,0.000168648383323,5.809332691157135e-06,0.0,48963.175960010856,0.636602485986028,31170.079537914236,0.9989227446312444,84960.4
SK,Slovakia,2018,49015.97868620539,344516,48951.91306795162,0.6513704061508179,0.0,3.592514038085937,0.0,0.0,0.9614482522010804,2.3659324645996094,0.0,5.515316486358643,0.6534395880009294,31987.11790697962,9386.359667226494,0.1917465340771668,3.4030532836914062,32.08287048339844,0.9986929646215186,52.18444279828596,48951.91306795162,10.684485188103675,0.0,0.0,0.0010646414536036,0.9986929646215186,0.0002179796359163,0.0,0.0,48962.59755313973,0.6534611597306069,31995.155780497666,0.9989109442574348,90275.9
SK,Slovakia,2019,49015.97868620539,344521,48952.64424167684,0.6413995623588562,0.0,3.7288119792938232,0.0,0.0,0.9209681749343872,2.320431709289551,0.0,5.813555717468262,0.6434681612932686,31499.467980635305,8932.055758396715,0.1824631926786137,3.521636247634888,34.93674850463867,0.9987078816698935,52.04930066478299,48952.64424167685,10.088453596386431,0.0,0.0,0.0010618843499585,0.9987078816698938,0.0002058196911862,0.0,0.0,48962.73269527324,0.6434940128692394,31507.225343125283,0.9989137013610802,94547.5
SK,Slovakia,2020,49015.97868620539,344538,48955.04785034798,0.639363169670105,0.0,3.5657215118408203,0.0,0.0,0.8935302495956421,2.378159046173096,0.0,5.57698917388916,0.6413780689157675,31398.694053935185,8319.956397806194,0.1699509399569927,3.769097328186035,36.53676986694336,0.9987569189172478,51.89928959805059,48955.047850348,7.834855991973876,0.0,0.0,0.0010588238976172,0.9987569189172482,0.0001598428961733,0.0,0.0,48962.882706339966,0.6413958308600588,31404.588834736525,0.9989167618134214,94320.6
SK,Slovakia,2021,49015.97868620539,344501,48949.81306195896,0.6834774613380432,0.0,3.604036331176758,0.0,0.0,1.0256288051605225,2.5740809440612797,0.0,5.273087501525879,0.6856207321500549,33561.00667014862,9705.636112971786,0.1982772865891588,3.4531822204589844,31.8514461517334,0.9986501213273734,52.466762201276296,48949.81306195895,12.502171777790547,0.0,0.0,0.001070401195846,0.9986501213273732,0.0002550631878193,0.0,0.0,48962.31523373673,0.685631214837486,33570.09167496286,0.9989051845151924,101891.6
SK,Slovakia,2022,49015.97868620539,344527,48953.47570975717,0.7407205700874329,0.0,3.656423330307007,0.0,0.5010786056518555,1.1434069871902466,2.704707145690918,0.5010786056518555,4.936305999755859,0.7430443679607669,36374.60441823927,12297.986725560464,0.2512178460723533,2.954333066940308,30.18309783935547,0.9987248448746,52.04262162967538,48953.47570975716,9.2636645511837,0.0,0.0,0.0010617480875541,0.9987248448745996,0.0001889927488847,0.0,0.0,48962.73937430835,0.7430532106844414,36381.92069598534,0.9989138376234846,109959.8
SK,Slovakia,2023,49015.97868620539,344531,48954.08529239249,0.70448237657547,0.0,3.3362395763397217,0.0,0.5326576232910156,1.1211427450180054,2.4906134605407715,0.5326576232910156,4.735731601715088,0.7066786480331212,34594.80681012603,13628.15095521008,0.2783863874447248,2.5349721908569336,30.55607795715332,0.9987372812810872,51.75624152330684,48954.0852923925,8.940462022220611,0.0,0.0,0.0010559055008295,0.9987372812810874,0.0001823989291217,0.0,0.0,48963.02575441472,0.7066955652468522,34601.95316171229,0.9989196802102094,123538.7
SK,Slovakia,2024,49015.97868620539,344486,48947.62794472573,0.7225111722946167,0.0,3.359515905380249,0.0,0.530540406703949,1.1944913864135742,2.650498390197754,0.530540406703949,4.649776935577393,0.7247882740281559,35476.6667758301,13324.94482523112,0.2722286121868532,2.6599020957946777,32.29446029663086,0.998605541635367,52.32678007468414,48947.62794472575,14.827271137590884,0.0,0.0,0.0010675453490314,0.9986055416353672,0.00030249872664,0.0,0.0,48962.45521586332,0.7248015483067842,35488.06334935932,0.998908040362007,130207.5
SK,Slovakia,2025,49015.97868620539,344505,48950.375805480864,0.736499547958374,0.0,3.601409435272217,0.0,0.0,1.1859897375106812,2.724708080291748,0.0,4.889900207519531,0.7387597698926185,36162.56836621424,12129.198676656268,0.247785608937004,2.978444814682007,34.73942565917969,0.9986616021452004,51.75249105286073,48950.37580548086,12.65369940431309,0.0,0.0,0.0010558289855676,0.9986616021452002,0.000258154580271,0.0,0.0,48963.02950488515,0.7387612679240364,36171.98975843096,0.9989197567254708,136754.3
